Address,Description,DispensaryName,Email,Facebook,Friday,Instagram,ListingUrl,Listings,Monday,Phone,Saturday,State,StoreUrl,Sunday,Thursday,Tuesday,Twitter,Website,Wednesday,latitude,longitude
,,,,,,,https://weedmaps.com/dispensaries/in/united-states/alabama,Alabama,,,,United States,,,,,,,,,
,,,,,,,https://weedmaps.com/dispensaries/in/united-states/alaska,Alaska,,,,United States,,,,,,,,,
,,,,,,,https://weedmaps.com/dispensaries/in/united-states/arizona,Arizona,,,,United States,,,,,,,,,
,,,,,,,https://weedmaps.com/dispensaries/in/united-states/arkansas,Arkansas,,,,United States,,,,,,,,,
,,,,,,,https://weedmaps.com/dispensaries/in/united-states/california,California,,,,United States,,,,,,,,,
,,,,,,,https://weedmaps.com/dispensaries/in/united-states/colorado,Colorado,,,,United States,,,,,,,,,
,,,,,,,https://weedmaps.com/dispensaries/in/united-states/connecticut,Connecticut,,,,United States,,,,,,,,,
,,,,,,,https://weedmaps.com/dispensaries/in/united-states/delaware,Delaware,,,,United States,,,,,,,,,
,,,,,,,https://weedmaps.com/dispensaries/in/united-states/florida,Florida,,,,United States,,,,,,,,,
,,,,,,,https://weedmaps.com/dispensaries/in/united-states/georgia,Georgia,,,,United States,,,,,,,,,
,,,,,,,https://weedmaps.com/dispensaries/in/united-states/hawaii,Hawaii,,,,United States,,,,,,,,,
,,,,,,,https://weedmaps.com/dispensaries/in/united-states/idaho,Idaho,,,,United States,,,,,,,,,
,,,,,,,https://weedmaps.com/dispensaries/in/united-states/illinois,Illinois,,,,United States,,,,,,,,,
,,,,,,,https://weedmaps.com/dispensaries/in/united-states/indiana,Indiana,,,,United States,,,,,,,,,
,,,,,,,https://weedmaps.com/dispensaries/in/united-states/iowa,Iowa,,,,United States,,,,,,,,,
,,,,,,,https://weedmaps.com/dispensaries/in/united-states/kansas,Kansas,,,,United States,,,,,,,,,
,,,,,,,https://weedmaps.com/dispensaries/in/united-states/kentucky,Kentucky,,,,United States,,,,,,,,,
,,,,,,,https://weedmaps.com/dispensaries/in/united-states/louisiana,Louisiana,,,,United States,,,,,,,,,
,,,,,,,https://weedmaps.com/dispensaries/in/united-states/maine,Maine,,,,United States,,,,,,,,,
,,,,,,,https://weedmaps.com/dispensaries/in/united-states/maryland,Maryland,,,,United States,,,,,,,,,
,,,,,,,https://weedmaps.com/dispensaries/in/united-states/massachusetts,Massachusetts,,,,United States,,,,,,,,,
,,,,,,,https://weedmaps.com/dispensaries/in/united-states/michigan,Michigan,,,,United States,,,,,,,,,
,,,,,,,https://weedmaps.com/dispensaries/in/united-states/minnesota,Minnesota,,,,United States,,,,,,,,,
,,,,,,,https://weedmaps.com/dispensaries/in/united-states/mississippi,Mississippi,,,,United States,,,,,,,,,
,,,,,,,https://weedmaps.com/dispensaries/in/united-states/missouri,Missouri,,,,United States,,,,,,,,,
,,,,,,,https://weedmaps.com/dispensaries/in/united-states/montana,Montana,,,,United States,,,,,,,,,
,,,,,,,https://weedmaps.com/dispensaries/in/united-states/nebraska,Nebraska,,,,United States,,,,,,,,,
,,,,,,,https://weedmaps.com/dispensaries/in/united-states/nevada,Nevada,,,,United States,,,,,,,,,
,,,,,,,https://weedmaps.com/dispensaries/in/united-states/new-hampshire,New Hampshire,,,,United States,,,,,,,,,
,,,,,,,https://weedmaps.com/dispensaries/in/united-states/connecticut/bridgeport,Bridgeport,,,,Connecticut,,,,,,,,,
,,,,,,,https://weedmaps.com/dispensaries/in/united-states/new-jersey,New Jersey,,,,United States,,,,,,,,,
,,,,,,,https://weedmaps.com/dispensaries/in/united-states/connecticut/danbury,Danbury,,,,Connecticut,,,,,,,,,
,,,,,,,https://weedmaps.com/dispensaries/in/united-states/connecticut/hartford,Hartford,,,,Connecticut,,,,,,,,,
,,,,,,,https://weedmaps.com/dispensaries/in/united-states/new-mexico,New Mexico,,,,United States,,,,,,,,,
,,,,,,,https://weedmaps.com/dispensaries/in/united-states/connecticut/new-britain,New Britain,,,,Connecticut,,,,,,,,,
,,,,,,,https://weedmaps.com/dispensaries/in/united-states/new-york,New York,,,,United States,,,,,,,,,
,,,,,,,https://weedmaps.com/dispensaries/in/united-states/connecticut/new-haven,New Haven,,,,Connecticut,,,,,,,,,
,,,,,,,https://weedmaps.com/dispensaries/in/united-states/connecticut/new-london,New London,,,,Connecticut,,,,,,,,,
,,,,,,,https://weedmaps.com/dispensaries/in/united-states/north-carolina,North Carolina,,,,United States,,,,,,,,,
,,,,,,,https://weedmaps.com/dispensaries/in/united-states/connecticut/norwalk,Norwalk,,,,Connecticut,,,,,,,,,
,,,,,,,https://weedmaps.com/dispensaries/in/united-states/connecticut/stamford,Stamford,,,,Connecticut,,,,,,,,,
,,,,,,,https://weedmaps.com/dispensaries/in/united-states/north-dakota,North Dakota,,,,United States,,,,,,,,,
,,,,,,,https://weedmaps.com/dispensaries/in/united-states/connecticut/waterbury,Waterbury,,,,Connecticut,,,,,,,,,
,,,,,,,https://weedmaps.com/dispensaries/in/united-states/ohio,Ohio,,,,United States,,,,,,,,,
,,,,,,,https://weedmaps.com/dispensaries/in/united-states/arkansas/conway,Conway,,,,Arkansas,,,,,,,,,
,,,,,,,https://weedmaps.com/dispensaries/in/united-states/oklahoma,Oklahoma,,,,United States,,,,,,,,,
,,,,,,,https://weedmaps.com/dispensaries/in/united-states/arkansas/el-dorado,El Dorado,,,,Arkansas,,,,,,,,,
,,,,,,,https://weedmaps.com/dispensaries/in/united-states/arkansas/fayetteville,Fayetteville,,,,Arkansas,,,,,,,,,
,,,,,,,https://weedmaps.com/dispensaries/in/united-states/oregon,Oregon,,,,United States,,,,,,,,,
,,,,,,,https://weedmaps.com/dispensaries/in/united-states/arkansas/fort-smith,Fort Smith,,,,Arkansas,,,,,,,,,
,,,,,,,https://weedmaps.com/dispensaries/in/united-states/arkansas/hot-springs-ar,"Hot Springs, AR",,,,Arkansas,,,,,,,,,
,,,,,,,https://weedmaps.com/dispensaries/in/united-states/arizona/apache-county,Apache County,,,,Arizona,,,,,,,,,
,,,,,,,https://weedmaps.com/dispensaries/in/united-states/pennsylvania,Pennsylvania,,,,United States,,,,,,,,,
,,,,,,,https://weedmaps.com/dispensaries/in/united-states/arkansas/jonesboro,Jonesboro,,,,Arkansas,,,,,,,,,
,,,,,,,https://weedmaps.com/dispensaries/in/united-states/arkansas/little-rock,Little Rock,,,,Arkansas,,,,,,,,,
,,,,,,,https://weedmaps.com/dispensaries/in/united-states/arizona/casa-grande-maricopa,Casa Grande / Maricopa,,,,Arizona,,,,,,,,,
,,,,,,,https://weedmaps.com/dispensaries/in/united-states/arizona/cave-creek,Cave Creek,,,,Arizona,,,,,,,,,
,,,,,,,https://weedmaps.com/dispensaries/in/united-states/rhode-island,Rhode Island,,,,United States,,,,,,,,,
,,,,,,,https://weedmaps.com/dispensaries/in/united-states/arkansas/north-little-rock,North Little Rock,,,,Arkansas,,,,,,,,,
,,,,,,,https://weedmaps.com/dispensaries/in/united-states/arkansas/pine-bluff,Pine Bluff,,,,Arkansas,,,,,,,,,
,,Pickup AM Test,,,,,,,,,,"Alabama, AL",https://weedmaps.com/dispensaries/pickup-am-test,,,,,,,,
,,,,,,,https://weedmaps.com/dispensaries/in/united-states/arizona/cochise-county,Cochise County,,,,Arizona,,,,,,,,,
,,,,,,,https://weedmaps.com/dispensaries/in/united-states/sault-ste-marie,Sault Ste. Marie,,,,United States,,,,,,,,,
,,,,,,,https://weedmaps.com/dispensaries/in/united-states/arkansas/texarkana,Texarkana,,,,Arkansas,,,,,,,,,
,,,,,,,https://weedmaps.com/dispensaries/in/united-states/arkansas/west-memphis,West Memphis,,,,Arkansas,,,,,,,,,
,,,,,,,https://weedmaps.com/dispensaries/in/united-states/arizona/flagstaff,Flagstaff,,,,Arizona,,,,,,,,,
,,,,,,,https://weedmaps.com/dispensaries/in/united-states/arizona/gilbert-chandler-mesa,Gilbert / Chandler / Mesa,,,,Arizona,,,,,,,,,
,,,,,,,https://weedmaps.com/dispensaries/in/united-states/south-carolina,South Carolina,,,,United States,,,,,,,,,
,,,,,,,https://weedmaps.com/dispensaries/in/united-states/arizona/glendale-peoria,Glendale / Peoria,,,,Arizona,,,,,,,,,
,,,,,,,https://weedmaps.com/dispensaries/in/united-states/south-dakota,South Dakota,,,,United States,,,,,,,,,
,,,,,,,https://weedmaps.com/dispensaries/in/united-states/delaware/dover-de,"Dover, DE",,,,Delaware,,,,,,,,,
,,,,,,,https://weedmaps.com/dispensaries/in/united-states/arizona/globe,Globe,,,,Arizona,,,,,,,,,
,,,,,,,https://weedmaps.com/dispensaries/in/united-states/alaska/anchorage,Anchorage,,,,Alaska,,,,,,,,,
,,,,,,,https://weedmaps.com/dispensaries/in/united-states/tennessee,Tennessee,,,,United States,,,,,,,,,
,,,,,,,https://weedmaps.com/dispensaries/in/united-states/delaware/lewes,Lewes,,,,Delaware,,,,,,,,,
,,,,,,,https://weedmaps.com/dispensaries/in/united-states/delaware/middletown,Middletown,,,,Delaware,,,,,,,,,
,,,,,,,https://weedmaps.com/dispensaries/in/united-states/arizona/lake-havasu-kingman-bullhead-city,Kingman,,,,Arizona,,,,,,,,,
,,,,,,,https://weedmaps.com/dispensaries/in/united-states/alaska/denali,Denali,,,,Alaska,,,,,,,,,
,,,,,,,https://weedmaps.com/dispensaries/in/united-states/texas,Texas,,,,United States,,,,,,,,,
,,,,,,,https://weedmaps.com/dispensaries/in/united-states/delaware/newark-de,"Newark, DE",,,,Delaware,,,,,,,,,
,,,,,,,https://weedmaps.com/dispensaries/in/united-states/delaware/wilmington-de,"Wilmington, DE",,,,Delaware,,,,,,,,,
,,,,,,,https://weedmaps.com/dispensaries/in/united-states/arizona/lake-havasu-parker,Lake Havasu / Parker,,,,Arizona,,,,,,,,,
,,,,,,,https://weedmaps.com/dispensaries/in/united-states/arizona/laughlin-bullhead-city,Laughlin / Bullhead City,,,,Arizona,,,,,,,,,
,,,,,,,https://weedmaps.com/dispensaries/in/united-states/alaska/fairbanks,Fairbanks,,,,Alaska,,,,,,,,,
,,,,,,,https://weedmaps.com/dispensaries/in/united-states/utah,Utah,,,,United States,,,,,,,,,
,,,,,,,https://weedmaps.com/dispensaries/in/united-states/arizona/navajo-county,Navajo County,,,,Arizona,,,,,,,,,
,,,,,,,https://weedmaps.com/dispensaries/in/united-states/alaska/girdwood,Girdwood,,,,Alaska,,,,,,,,,
,,,,,,,https://weedmaps.com/dispensaries/in/united-states/vermont,Vermont,,,,United States,,,,,,,,,
,,,,,,,https://weedmaps.com/dispensaries/in/united-states/arizona/nogales-rio-rico,Nogales / Rio Rico,,,,Arizona,,,,,,,,,
,,,,,,,https://weedmaps.com/dispensaries/in/united-states/alaska/juneau,Juneau,,,,Alaska,,,,,,,,,
,,,,,,,https://weedmaps.com/dispensaries/in/united-states/virginia,Virginia,,,,United States,,,,,,,,,
,,,,,,,https://weedmaps.com/dispensaries/in/united-states/colorado/alamosa,Alamosa,,,,Colorado,,,,,,,,,
,,,,,,,https://weedmaps.com/dispensaries/in/united-states/arizona/north-phoenix,North Phoenix,,,,Arizona,,,,,,,,,
,,,,,,,https://weedmaps.com/dispensaries/in/united-states/alaska/kenai,Kenai,,,,Alaska,,,,,,,,,
,,,,,,,https://weedmaps.com/dispensaries/in/united-states/washington,Washington,,,,United States,,,,,,,,,
,,,,,,,https://weedmaps.com/dispensaries/in/united-states/georgia/athens,"Athens, GA",,,,Georgia,,,,,,,,,
,,,,,,,https://weedmaps.com/dispensaries/in/united-states/colorado/antonito,Antonito,,,,Colorado,,,,,,,,,
,,,,,,,https://weedmaps.com/dispensaries/in/united-states/arizona/page,Page,,,,Arizona,,,,,,,,,
,,,,,,,https://weedmaps.com/dispensaries/in/united-states/alaska/ketchikan,Ketchikan,,,,Alaska,,,,,,,,,
,,,,,,,https://weedmaps.com/dispensaries/in/united-states/washington-dc,Washington DC,,,,United States,,,,,,,,,
,,,,,,,https://weedmaps.com/dispensaries/in/united-states/hawaii/island-of-hawai-i,Island of Hawai'i,,,,Hawaii,,,,,,,,,
,,,,,,,https://weedmaps.com/dispensaries/in/united-states/florida/boca-raton,Boca Raton,,,,Florida,,,,,,,,,
,,,,,,,https://weedmaps.com/dispensaries/in/united-states/georgia/atlanta-georgia,"Atlanta, GA",,,,Georgia,,,,,,,,,
,,,,,,,https://weedmaps.com/dispensaries/in/united-states/colorado/aspen-colorado,Aspen,,,,Colorado,,,,,,,,,
,,,,,,,https://weedmaps.com/dispensaries/in/united-states/arizona/payson,Payson,,,,Arizona,,,,,,,,,
,,,,,,,https://weedmaps.com/dispensaries/in/united-states/alaska/mat-su-valley,Mat-Su Valley,,,,Alaska,,,,,,,,,
,,,,,,,https://weedmaps.com/dispensaries/in/united-states/west-virginia,West Virginia,,,,United States,,,,,,,,,
,,,,,,,https://weedmaps.com/dispensaries/in/united-states/hawaii/kauai,Kauai,,,,Hawaii,,,,,,,,,
,,,,,,,https://weedmaps.com/dispensaries/in/united-states/hawaii/lanai,Lanai,,,,Hawaii,,,,,,,,,
,,,,,,,https://weedmaps.com/dispensaries/in/united-states/florida/daytona-beach,Daytona Beach,,,,Florida,,,,,,,,,
,,,,,,,https://weedmaps.com/dispensaries/in/united-states/florida/fort-lauderdale,Fort Lauderdale,,,,Florida,,,,,,,,,
,,,,,,,https://weedmaps.com/dispensaries/in/united-states/california/5-cities,5 Cities,,,,California,,,,,,,,,
,,,,,,,https://weedmaps.com/dispensaries/in/united-states/colorado/aurora,"Aurora, CO",,,,Colorado,,,,,,,,,
,,,,,,,https://weedmaps.com/dispensaries/in/united-states/arizona/west-phoenix,Phoenix,,,,Arizona,,,,,,,,,
,,,,,,,https://weedmaps.com/dispensaries/in/united-states/alaska/gnome,Nome,,,,Alaska,,,,,,,,,
,,,,,,,https://weedmaps.com/dispensaries/in/united-states/wisconsin,Wisconsin,,,,United States,,,,,,,,,
,,,,,,,https://weedmaps.com/dispensaries/in/united-states/hawaii/maui,Maui,,,,Hawaii,,,,,,,,,
,,,,,,,https://weedmaps.com/dispensaries/in/united-states/hawaii/moloka-i,Moloka'i,,,,Hawaii,,,,,,,,,
,,,,,,,https://weedmaps.com/dispensaries/in/united-states/florida/fort-myers,Fort Myers,,,,Florida,,,,,,,,,
,,,,,,,https://weedmaps.com/dispensaries/in/united-states/florida/fort-walton-beach,Fort Walton Beach,,,,Florida,,,,,,,,,
,,,,,,,https://weedmaps.com/dispensaries/in/united-states/california/san-gabriel-valley,Alhambra / Rosemead / El Monte,,,,California,,,,,,,,,
,,,,,,,https://weedmaps.com/dispensaries/in/united-states/colorado/boulder,Boulder,,,,Colorado,,,,,,,,,
,,,,,,,https://weedmaps.com/dispensaries/in/united-states/arizona/prescott,Prescott,,,,Arizona,,,,,,,,,
,,,,,,,https://weedmaps.com/dispensaries/in/united-states/arizona/safford-clifton,Safford / Clifton,,,,Arizona,,,,,,,,,
,,,,,,,https://weedmaps.com/dispensaries/in/united-states/alaska/petersburg,Petersburg,,,,Alaska,,,,,,,,,
,,,,,,,https://weedmaps.com/dispensaries/in/united-states/wyoming,Wyoming,,,,United States,,,,,,,,,
,,,,,,,https://weedmaps.com/dispensaries/in/united-states/hawaii/o-ahu,O'ahu,,,,Hawaii,,,,,,,,,
,,,,,,,https://weedmaps.com/dispensaries/in/united-states/florida/gainesville,Gainesville,,,,Florida,,,,,,,,,
,,,,,,,https://weedmaps.com/dispensaries/in/united-states/california/aliso-viejolaguna-beach,Aliso Viejo / Laguna Niguel,,,,California,,,,,,,,,
,,,,,,,https://weedmaps.com/dispensaries/in/united-states/colorado/canon-city,Cañon City,,,,Colorado,,,,,,,,,
,,,,,,,https://weedmaps.com/dispensaries/in/united-states/arizona/east-phoenix,Tempe / Scottsdale,,,,Arizona,,,,,,,,,
,,,,,,,https://weedmaps.com/dispensaries/in/united-states/alaska/sitka,Sitka,,,,Alaska,,,,,,,,,
,,,,,,,https://weedmaps.com/dispensaries/in/united-states/florida/jacksonville,Jacksonville,,,,Florida,,,,,,,,,
,,,,,,,https://weedmaps.com/dispensaries/in/united-states/florida/key-largo-florida,Key Largo,,,,Florida,,,,,,,,,
,,,,,,,https://weedmaps.com/dispensaries/in/united-states/california/amador-county,Amador County,,,,California,,,,,,,,,
,,,,,,,https://weedmaps.com/dispensaries/in/united-states/colorado/central-rockies,Central Rockies,,,,Colorado,,,,,,,,,
,,,,,,,https://weedmaps.com/dispensaries/in/united-states/arizona/tucson,Tucson,,,,Arizona,,,,,,,,,
,,,,,,,https://weedmaps.com/dispensaries/in/united-states/alaska/skagway,Skagway,,,,Alaska,,,,,,,,,
,,,,,,,https://weedmaps.com/dispensaries/in/united-states/florida/key-west,Key West,,,,Florida,,,,,,,,,
,,,,,,,https://weedmaps.com/dispensaries/in/united-states/florida/lakeland,Lakeland,,,,Florida,,,,,,,,,
,,,,,,,https://weedmaps.com/dispensaries/in/united-states/california/anaheim,Anaheim,,,,California,,,,,,,,,
,,,,,,,https://weedmaps.com/dispensaries/in/united-states/colorado/colorado-springs,Colorado Springs,,,,Colorado,,,,,,,,,
,,,,,,,https://weedmaps.com/dispensaries/in/united-states/arizona/wickenburg,Wickenburg,,,,Arizona,,,,,,,,,
,,,,,,,https://weedmaps.com/dispensaries/in/united-states/arizona/yuma--2,Yuma,,,,Arizona,,,,,,,,,
,,,,,,,https://weedmaps.com/dispensaries/in/united-states/alaska/valdez,Valdez,,,,Alaska,,,,,,,,,
,,,,,,,https://weedmaps.com/dispensaries/in/united-states/florida/miami,Miami,,,,Florida,,,,,,,,,
,,,,,,,https://weedmaps.com/dispensaries/in/united-states/florida/new-port-richey,New Port Richey,,,,Florida,,,,,,,,,
,,,,,,,https://weedmaps.com/dispensaries/in/united-states/louisiana/alexandria,Alexandria,,,,Louisiana,,,,,,,,,
,,,,,,,https://weedmaps.com/dispensaries/in/united-states/illinois/aurora-il,"Aurora, IL",,,,Illinois,,,,,,,,,
,,,,,,,https://weedmaps.com/dispensaries/in/united-states/california/anaheim-hills-orange,Anaheim Hills / Orange,,,,California,,,,,,,,,
,,,,,,,https://weedmaps.com/dispensaries/in/united-states/colorado/cortez,Cortez,,,,Colorado,,,,,,,,,
,,,,,,,https://weedmaps.com/dispensaries/in/united-states/florida/ocala,Ocala,,,,Florida,,,,,,,,,
,,,,,,,https://weedmaps.com/dispensaries/in/united-states/louisiana/baton-rouge,Baton Rouge,,,,Louisiana,,,,,,,,,
,,,,,,,https://weedmaps.com/dispensaries/in/united-states/louisiana/lafayette,Lafayette,,,,Louisiana,,,,,,,,,
,,,,,,,https://weedmaps.com/dispensaries/in/united-states/illinois/bloomington-normal,Bloomington / Normal,,,,Illinois,,,,,,,,,
,,,,,,,https://weedmaps.com/dispensaries/in/united-states/illinois/champaign-urbana,Champaign / Urbana,,,,Illinois,,,,,,,,,
,,,,,,,https://weedmaps.com/dispensaries/in/united-states/california/antelope-valley,Antelope Valley,,,,California,,,,,,,,,
,,,,,,,https://weedmaps.com/dispensaries/in/united-states/colorado/denver-downtown,Denver Downtown,,,,Colorado,,,,,,,,,
,,,,,,,https://weedmaps.com/dispensaries/in/united-states/florida/orlando,Orlando,,,,Florida,,,,,,,,,
,,,,,,,https://weedmaps.com/dispensaries/in/united-states/florida/palm-bay,Palm Bay,,,,Florida,,,,,,,,,
,,,,,,,https://weedmaps.com/dispensaries/in/united-states/maine/aroostook-county,Aroostook County,,,,Maine,,,,,,,,,
,,,,,,,https://weedmaps.com/dispensaries/in/united-states/iowa/council-bluffs,Council Bluffs,,,,Iowa,,,,,,,,,
,,,,,,,https://weedmaps.com/dispensaries/in/united-states/louisiana/lake-charles,Lake Charles,,,,Louisiana,,,,,,,,,
,,,,,,,https://weedmaps.com/dispensaries/in/united-states/louisiana/monroe,Monroe,,,,Louisiana,,,,,,,,,
,,,,,,,https://weedmaps.com/dispensaries/in/united-states/illinois/chicago,Chicago North,,,,Illinois,,,,,,,,,
,,,,,,,https://weedmaps.com/dispensaries/in/united-states/illinois/chicago-south,Chicago South,,,,Illinois,,,,,,,,,
,,,,,,,https://weedmaps.com/dispensaries/in/united-states/california/antioch,Antioch,,,,California,,,,,,,,,
,,,,,,,https://weedmaps.com/dispensaries/in/united-states/colorado/glendalewa-park-west,Denver East,,,,Colorado,,,,,,,,,
,,,,,,,https://weedmaps.com/dispensaries/in/united-states/florida/panama-city,Panama City,,,,Florida,,,,,,,,,
,,,,,,,https://weedmaps.com/dispensaries/in/united-states/maine/augusta,Augusta,,,,Maine,,,,,,,,,
,,,,,,,https://weedmaps.com/dispensaries/in/united-states/iowa/davenport,Davenport,,,,Iowa,,,,,,,,,
,,,,,,,https://weedmaps.com/dispensaries/in/united-states/iowa/des-moines,Des Moines,,,,Iowa,,,,,,,,,
,,,,,,,https://weedmaps.com/dispensaries/in/united-states/louisiana/new-orleans,New Orleans,,,,Louisiana,,,,,,,,,
,,,,,,,https://weedmaps.com/dispensaries/in/united-states/louisiana/shreveport,Shreveport,,,,Louisiana,,,,,,,,,
,,,,,,,https://weedmaps.com/dispensaries/in/united-states/illinois/collinsville-fairview-heights,Collinsville / Fairview Heights,,,,Illinois,,,,,,,,,
,,,,,,,https://weedmaps.com/dispensaries/in/united-states/illinois/effingham,Effingham,,,,Illinois,,,,,,,,,
,,,,,,,https://weedmaps.com/dispensaries/in/united-states/california/anza,Anza / Idyllwild / Aguanga,,,,California,,,,,,,,,
,,,,,,,https://weedmaps.com/dispensaries/in/united-states/maryland/annapolis,Annapolis,,,,Maryland,,,,,,,,,
,,,,,,,https://weedmaps.com/dispensaries/in/united-states/colorado/denver-highlands,Denver Highlands,,,,Colorado,,,,,,,,,
,,,,,,,https://weedmaps.com/dispensaries/in/united-states/florida/pensacola,Pensacola,,,,Florida,,,,,,,,,
,,,,,,,https://weedmaps.com/dispensaries/in/united-states/maine/bangor,Bangor,,,,Maine,,,,,,,,,
,,,,,,,https://weedmaps.com/dispensaries/in/united-states/iowa/sioux-city,Sioux City,,,,Iowa,,,,,,,,,
,,,,,,,https://weedmaps.com/dispensaries/in/united-states/iowa/waterloo-ia,"Waterloo, IA",,,,Iowa,,,,,,,,,
,,,,,,,https://weedmaps.com/dispensaries/in/united-states/illinois/joliet,Joliet,,,,Illinois,,,,,,,,,
,,,,,,,https://weedmaps.com/dispensaries/in/united-states/illinois/marion,Marion,,,,Illinois,,,,,,,,,
,,,,,,,https://weedmaps.com/dispensaries/in/united-states/california/apple-valley,Apple Valley,,,,California,,,,,,,,,
,,,,,,,https://weedmaps.com/dispensaries/in/united-states/maryland/baltimore,Baltimore,,,,Maryland,,,,,,,,,
,,,,,,,https://weedmaps.com/dispensaries/in/united-states/colorado/denver-international-airport,Denver International Airport,,,,Colorado,,,,,,,,,
,,,,,,,https://weedmaps.com/dispensaries/in/united-states/florida/port-charlotte,Port Charlotte,,,,Florida,,,,,,,,,
,,,,,,,https://weedmaps.com/dispensaries/in/united-states/maine/berwick,Berwick,,,,Maine,,,,,,,,,
,,,,,,,https://weedmaps.com/dispensaries/in/united-states/illinois/davenport-moline,Moline,,,,Illinois,,,,,,,,,
,,,,,,,https://weedmaps.com/dispensaries/in/united-states/illinois/mundelein,Mundelein,,,,Illinois,,,,,,,,,
,,,,,,,https://weedmaps.com/dispensaries/in/united-states/california/arcadia-monrovia,Arcadia / Monrovia,,,,California,,,,,,,,,
,,,,,,,https://weedmaps.com/dispensaries/in/united-states/maryland/bel-air,Bel Air,,,,Maryland,,,,,,,,,
,,,,,,,https://weedmaps.com/dispensaries/in/united-states/colorado/denver-north,Denver North,,,,Colorado,,,,,,,,,
,,,,,,,https://weedmaps.com/dispensaries/in/united-states/florida/port-st-lucie,Port St. Lucie,,,,Florida,,,,,,,,,
,,,,,,,https://weedmaps.com/dispensaries/in/united-states/maine/biddeford,Biddeford,,,,Maine,,,,,,,,,
,,,,,,,https://weedmaps.com/dispensaries/in/united-states/illinois/ottawa-il,"Ottawa, IL",,,,Illinois,,,,,,,,,
,,,,,,,https://weedmaps.com/dispensaries/in/united-states/illinois/peoria-springfield,"Peoria, IL",,,,Illinois,,,,,,,,,
,,,,,,,https://weedmaps.com/dispensaries/in/united-states/california/arden-arcade-carmichael,Arden-Arcade / Carmichael,,,,California,,,,,,,,,
,,,,,,,https://weedmaps.com/dispensaries/in/united-states/michigan/adrian-monroe,Adrian / Monroe,,,,Michigan,,,,,,,,,
,,Mississippi Medical Marijuana Dispensaries,,,,,,,,,,"Mississippi, MS",https://weedmaps.com/dispensaries/mississippi-medical-marijuana-dispensaries,,,,,,,,
,,,,,,,https://weedmaps.com/dispensaries/in/united-states/maryland/bethesda,Bethesda,,,,Maryland,,,,,,,,,
,,,,,,,https://weedmaps.com/dispensaries/in/united-states/colorado/south-denver-dtc,Denver South,,,,Colorado,,,,,,,,,
,,,,,,,https://weedmaps.com/dispensaries/in/united-states/florida/sarasota,Sarasota,,,,Florida,,,,,,,,,
,,,,,,,https://weedmaps.com/dispensaries/in/united-states/florida/st-augustine,St. Augustine,,,,Florida,,,,,,,,,
,,,,,,,https://weedmaps.com/dispensaries/in/united-states/maine/brunswick,Brunswick,,,,Maine,,,,,,,,,
,,,,,,,https://weedmaps.com/dispensaries/in/united-states/illinois/quincy-il,"Quincy, IL",,,,Illinois,,,,,,,,,
,,,,,,,https://weedmaps.com/dispensaries/in/united-states/illinois/rockford,Rockford,,,,Illinois,,,,,,,,,
,,,,,,,https://weedmaps.com/dispensaries/in/united-states/california/arnold,Arnold,,,,California,,,,,,,,,
,,,,,,,https://weedmaps.com/dispensaries/in/united-states/michigan/ann-arbor,Ann Arbor,,,,Michigan,,,,,,,,,
,,,,,,,https://weedmaps.com/dispensaries/in/united-states/minnesota/bloomington-mn,"Bloomington, MN",,,,Minnesota,,,,,,,,,
,,,,,,,https://weedmaps.com/dispensaries/in/united-states/maryland/bowie,Bowie,,,,Maryland,,,,,,,,,
,,,,,,,https://weedmaps.com/dispensaries/in/united-states/missouri/columbia-mo,"Columbia, MO",,,,Missouri,,,,,,,,,
,,,,,,,https://weedmaps.com/dispensaries/in/united-states/colorado/durango,Durango,,,,Colorado,,,,,,,,,
,,,,,,,https://weedmaps.com/dispensaries/in/united-states/florida/st-petersburg,St. Petersburg,,,,Florida,,,,,,,,,
,,,,,,,https://weedmaps.com/dispensaries/in/united-states/maine/eliot-kittery,Eliot / Kittery,,,,Maine,,,,,,,,,
,,,,,,,https://weedmaps.com/dispensaries/in/united-states/illinois/springfield,"Springfield, IL",,,,Illinois,,,,,,,,,
,,,,,,,https://weedmaps.com/dispensaries/in/united-states/california/auburn-grass-valley,Auburn / Grass Valley,,,,California,,,,,,,,,
,,,,,,,https://weedmaps.com/dispensaries/in/united-states/michigan/battle-creek,Battle Creek,,,,Michigan,,,,,,,,,
,,,,,,,https://weedmaps.com/dispensaries/in/united-states/massachusetts/ayer,Ayer,,,,Massachusetts,,,,,,,,,
,,,,,,,https://weedmaps.com/dispensaries/in/united-states/minnesota/brooklyn-park,Brooklyn Park,,,,Minnesota,,,,,,,,,
,,,,,,,https://weedmaps.com/dispensaries/in/united-states/minnesota/duluth,Duluth,,,,Minnesota,,,,,,,,,
,,,,,,,https://weedmaps.com/dispensaries/in/united-states/maryland/centreville,Centreville,,,,Maryland,,,,,,,,,
,,,,,,,https://weedmaps.com/dispensaries/in/united-states/missouri/kansas-city,Kansas City,,,,Missouri,,,,,,,,,
,,,,,,,https://weedmaps.com/dispensaries/in/united-states/missouri/springfield-mo,"Springfield, MO",,,,Missouri,,,,,,,,,
,,,,,,,https://weedmaps.com/dispensaries/in/united-states/colorado/vail,Eagle County / Vail Valley,,,,Colorado,,,,,,,,,
,,,,,,,https://weedmaps.com/dispensaries/in/united-states/florida/tallahassee,Tallahassee,,,,Florida,,,,,,,,,
,,,,,,,https://weedmaps.com/dispensaries/in/united-states/maine/farmington,Farmington,,,,Maine,,,,,,,,,
,,,,,,,https://weedmaps.com/dispensaries/in/united-states/california/azusa-glendora,Azusa / Glendora,,,,California,,,,,,,,,
,,,,,,,https://weedmaps.com/dispensaries/in/united-states/michigan/bay-city-saginaw,Bay City / Saginaw,,,,Michigan,,,,,,,,,
,,,,,,,https://weedmaps.com/dispensaries/in/united-states/massachusetts/boston,Boston,,,,Massachusetts,,,,,,,,,
,,,,,,,https://weedmaps.com/dispensaries/in/united-states/minnesota/eagan,Eagan,,,,Minnesota,,,,,,,,,
,,,,,,,https://weedmaps.com/dispensaries/in/united-states/minnesota/hibbing,Hibbing,,,,Minnesota,,,,,,,,,
,,,,,,,https://weedmaps.com/dispensaries/in/united-states/maryland/columbia,"Columbia, MD",,,,Maryland,,,,,,,,,
,,,,,,,https://weedmaps.com/dispensaries/in/united-states/missouri/st-louis,St. Louis,,,,Missouri,,,,,,,,,
,,,,,,,https://weedmaps.com/dispensaries/in/united-states/colorado/eastern-slope,Eastern Slope,,,,Colorado,,,,,,,,,
,,,,,,,https://weedmaps.com/dispensaries/in/united-states/florida/tampa,Tampa,,,,Florida,,,,,,,,,
,,,,,,,https://weedmaps.com/dispensaries/in/united-states/florida/the-villages,The Villages,,,,Florida,,,,,,,,,
,,,,,,,https://weedmaps.com/dispensaries/in/united-states/maine/lewiston-auburn,Lewiston / Auburn,,,,Maine,,,,,,,,,
,,,,,,,https://weedmaps.com/dispensaries/in/united-states/california/bakersfield,Bakersfield,,,,California,,,,,,,,,
,,,,,,,https://weedmaps.com/dispensaries/in/united-states/michigan/big-rapids-reed-city-evart,Big Rapids / Reed City / Evart,,,,Michigan,,,,,,,,,
,,,,,,,https://weedmaps.com/dispensaries/in/united-states/massachusetts/brockton,Brockton,,,,Massachusetts,,,,,,,,,
,,,,,,,https://weedmaps.com/dispensaries/in/united-states/minnesota/minneapolis,Minneapolis,,,,Minnesota,,,,,,,,,
,,,,,,,https://weedmaps.com/dispensaries/in/united-states/minnesota/moorhead,Moorhead,,,,Minnesota,,,,,,,,,
,,,,,,,https://weedmaps.com/dispensaries/in/united-states/maryland/cumberland,Cumberland,,,,Maryland,,,,,,,,,
,,,,,,,https://weedmaps.com/dispensaries/in/united-states/colorado/ft-collins,Fort Collins,,,,Colorado,,,,,,,,,
,,,,,,,https://weedmaps.com/dispensaries/in/united-states/florida/west-palm-beach,West Palm Beach,,,,Florida,,,,,,,,,
,,,,,,,https://weedmaps.com/dispensaries/in/united-states/maine/portland,"Portland, ME",,,,Maine,,,,,,,,,
,,,,,,,https://weedmaps.com/dispensaries/in/united-states/california/barstowneedles,Barstow,,,,California,,,,,,,,,
,,,,,,,https://weedmaps.com/dispensaries/in/united-states/michigan/coldwater-reading,Coldwater / Reading,,,,Michigan,,,,,,,,,
,,,,,,,https://weedmaps.com/dispensaries/in/united-states/massachusetts/cambridge,"Cambridge, MA",,,,Massachusetts,,,,,,,,,
,,,,,,,https://weedmaps.com/dispensaries/in/united-states/minnesota/plymouth-mn,"Plymouth, MN",,,,Minnesota,,,,,,,,,
,,,,,,,https://weedmaps.com/dispensaries/in/united-states/minnesota/rochester-mn,"Rochester, MN",,,,Minnesota,,,,,,,,,
,,,,,,,https://weedmaps.com/dispensaries/in/united-states/maryland/elkton,Elkton,,,,Maryland,,,,,,,,,
,,,,,,,https://weedmaps.com/dispensaries/in/united-states/colorado/fort-morgan-ne-colorado,Fort Morgan / NE Colorado,,,,Colorado,,,,,,,,,
,,,,,,,https://weedmaps.com/dispensaries/in/united-states/maine/sebago-lake,Sebago Lake,,,,Maine,,,,,,,,,
,,,,,,,https://weedmaps.com/dispensaries/in/united-states/california/beach-cities-brands,Beach Cities Brands,,,,California,,,,,,,,,
,,,,,,,https://weedmaps.com/dispensaries/in/united-states/michigan/downriver,Downriver / River Rouge,,,,Michigan,,,,,,,,,
,,,,,,,https://weedmaps.com/dispensaries/in/united-states/massachusetts/cape-cod,Cape Cod,,,,Massachusetts,,,,,,,,,
,,,,,,,https://weedmaps.com/dispensaries/in/united-states/minnesota/st-cloud,St. Cloud,,,,Minnesota,,,,,,,,,
,,,,,,,https://weedmaps.com/dispensaries/in/united-states/minnesota/st-paul,St. Paul,,,,Minnesota,,,,,,,,,
,,,,,,,https://weedmaps.com/dispensaries/in/united-states/maryland/frederick,Frederick,,,,Maryland,,,,,,,,,
,,,,,,,https://weedmaps.com/dispensaries/in/united-states/colorado/glenwood-springs,Glenwood Springs,,,,Colorado,,,,,,,,,
,,,,,,,https://weedmaps.com/dispensaries/in/united-states/california/beaumont-banning,Beaumont / Banning,,,,California,,,,,,,,,
,,,,,,,https://weedmaps.com/dispensaries/in/united-states/michigan/east-detroit,East Detroit,,,,Michigan,,,,,,,,,
,,,,,,,https://weedmaps.com/dispensaries/in/united-states/massachusetts/fall-river,Fall River,,,,Massachusetts,,,,,,,,,
,,,,,,,https://weedmaps.com/dispensaries/in/united-states/minnesota/woodbury,Woodbury,,,,Minnesota,,,,,,,,,
,,,,,,,https://weedmaps.com/dispensaries/in/united-states/new-mexico/albuquerque,Albuquerque,,,,New Mexico,,,,,,,,,
,,,,,,,https://weedmaps.com/dispensaries/in/united-states/new-hampshire/concord,Concord,,,,New Hampshire,,,,,,,,,
,,,,,,,https://weedmaps.com/dispensaries/in/united-states/maryland/germantown,Germantown,,,,Maryland,,,,,,,,,
,,,,,,,https://weedmaps.com/dispensaries/in/united-states/montana/anaconda,Anaconda,,,,Montana,,,,,,,,,
,,,,,,,https://weedmaps.com/dispensaries/in/united-states/colorado/greeley-loveland,Greeley / Loveland,,,,Colorado,,,,,,,,,
,,,,,,,https://weedmaps.com/dispensaries/in/united-states/california/berkeley,Berkeley,,,,California,,,,,,,,,
,,,,,,,https://weedmaps.com/dispensaries/in/united-states/michigan/flint,Flint,,,,Michigan,,,,,,,,,
,,,,,,,https://weedmaps.com/dispensaries/in/united-states/massachusetts/framingham,Framingham,,,,Massachusetts,,,,,,,,,
,,,,,,,https://weedmaps.com/dispensaries/in/united-states/new-mexico/farmington-nm,"Farmington, NM",,,,New Mexico,,,,,,,,,
,,,,,,,https://weedmaps.com/dispensaries/in/united-states/new-hampshire/derry-village,Derry Village,,,,New Hampshire,,,,,,,,,
,,,,,,,https://weedmaps.com/dispensaries/in/united-states/new-hampshire/dover-nh,"Dover, NH",,,,New Hampshire,,,,,,,,,
,,,,,,,https://weedmaps.com/dispensaries/in/united-states/maryland/glen-burnie,Glen Burnie,,,,Maryland,,,,,,,,,
,,,,,,,https://weedmaps.com/dispensaries/in/united-states/montana/big-sky,Big Sky,,,,Montana,,,,,,,,,
,,,,,,,https://weedmaps.com/dispensaries/in/united-states/new-york/albany-ny,"Albany, NY",,,,New York,,,,,,,,,
,,,,,,,https://weedmaps.com/dispensaries/in/united-states/colorado/lafayette-louisville,Lafayette / Louisville,,,,Colorado,,,,,,,,,
,,,,,,,https://weedmaps.com/dispensaries/in/united-states/california/big-bear-mtn-resorts,Big Bear Lake,,,,California,,,,,,,,,
,,,,,,,https://weedmaps.com/dispensaries/in/united-states/michigan/grand-rapids,Grand Rapids,,,,Michigan,,,,,,,,,
,,,,,,,https://weedmaps.com/dispensaries/in/united-states/massachusetts/gardner-ma,"Gardner, MA",,,,Massachusetts,,,,,,,,,
,,,,,,,https://weedmaps.com/dispensaries/in/united-states/new-mexico/gallup,Gallup,,,,New Mexico,,,,,,,,,
,,,,,,,https://weedmaps.com/dispensaries/in/united-states/new-hampshire/keene,Keene,,,,New Hampshire,,,,,,,,,
,,,,,,,https://weedmaps.com/dispensaries/in/united-states/new-hampshire/lebanon-nh,"Lebanon, NH",,,,New Hampshire,,,,,,,,,
,,,,,,,https://weedmaps.com/dispensaries/in/united-states/maryland/hagerstown,Hagerstown,,,,Maryland,,,,,,,,,
,,,,,,,https://weedmaps.com/dispensaries/in/united-states/montana/billings,Billings,,,,Montana,,,,,,,,,
,,,,,,,https://weedmaps.com/dispensaries/in/united-states/new-york/bronx,Bronx,,,,New York,,,,,,,,,
,,,,,,,https://weedmaps.com/dispensaries/in/united-states/new-york/brooklyn,Brooklyn,,,,New York,,,,,,,,,
,,,,,,,https://weedmaps.com/dispensaries/in/united-states/colorado/south-denver,"Lakewood, CO",,,,Colorado,,,,,,,,,
,,,,,,,https://weedmaps.com/dispensaries/in/united-states/california/bloomington-rialto-colton,Bloomington / Rialto / Colton,,,,California,,,,,,,,,
,,,,,,,https://weedmaps.com/dispensaries/in/united-states/michigan/grayling,Grayling,,,,Michigan,,,,,,,,,
,,,,,,,https://weedmaps.com/dispensaries/in/united-states/massachusetts/georgetown,Georgetown,,,,Massachusetts,,,,,,,,,
,,,,,,,https://weedmaps.com/dispensaries/in/united-states/new-mexico/las-cruces,Las Cruces,,,,New Mexico,,,,,,,,,
,,,,,,,https://weedmaps.com/dispensaries/in/united-states/new-hampshire/manchester,Manchester,,,,New Hampshire,,,,,,,,,
,,,,,,,https://weedmaps.com/dispensaries/in/united-states/new-hampshire/merrimack,Merrimack,,,,New Hampshire,,,,,,,,,
,,,,,,,https://weedmaps.com/dispensaries/in/united-states/new-jersey/atlantic-city,Atlantic City,,,,New Jersey,,,,,,,,,
,,,,,,,https://weedmaps.com/dispensaries/in/united-states/maryland/ocean-city,Ocean City,,,,Maryland,,,,,,,,,
,,,,,,,https://weedmaps.com/dispensaries/in/united-states/montana/bozeman,Bozeman,,,,Montana,,,,,,,,,
,,,,,,,https://weedmaps.com/dispensaries/in/united-states/new-york/buffalo,Buffalo,,,,New York,,,,,,,,,
,,,,,,,https://weedmaps.com/dispensaries/in/united-states/colorado/longmont,Lyons / Longmont,,,,Colorado,,,,,,,,,
,,,,,,,https://weedmaps.com/dispensaries/in/united-states/california/la-habra,Brea / La Habra,,,,California,,,,,,,,,
,,,,,,,https://weedmaps.com/dispensaries/in/united-states/michigan/huron-county,Huron County,,,,Michigan,,,,,,,,,
,,,,,,,https://weedmaps.com/dispensaries/in/united-states/massachusetts/greenfield-ma,"Greenfield, MA",,,,Massachusetts,,,,,,,,,
,,,,,,,https://weedmaps.com/dispensaries/in/united-states/new-mexico/raton,Raton,,,,New Mexico,,,,,,,,,
,,,,,,,https://weedmaps.com/dispensaries/in/united-states/new-hampshire/nashua,Nashua,,,,New Hampshire,,,,,,,,,
,,,,,,,https://weedmaps.com/dispensaries/in/united-states/new-hampshire/plymouth-nh,"Plymouth, NH",,,,New Hampshire,,,,,,,,,
,,,,,,,https://weedmaps.com/dispensaries/in/united-states/new-jersey/camden,Camden,,,,New Jersey,,,,,,,,,
,,,,,,,https://weedmaps.com/dispensaries/in/united-states/new-jersey/clifton,"Clifton, NJ",,,,New Jersey,,,,,,,,,
,,,,,,,https://weedmaps.com/dispensaries/in/united-states/maryland/rockville,Rockville,,,,Maryland,,,,,,,,,
,,,,,,,https://weedmaps.com/dispensaries/in/united-states/montana/butte,Butte,,,,Montana,,,,,,,,,
,,,,,,,https://weedmaps.com/dispensaries/in/united-states/new-york/johnson-city,Johnson City,,,,New York,,,,,,,,,
,,,,,,,https://weedmaps.com/dispensaries/in/united-states/new-york/long-island,Long Island,,,,New York,,,,,,,,,
,,,,,,,https://weedmaps.com/dispensaries/in/united-states/colorado/moffat,Moffat,,,,Colorado,,,,,,,,,
,,,,,,,https://weedmaps.com/dispensaries/in/united-states/california/burbank,Burbank,,,,California,,,,,,,,,
,,,,,,,https://weedmaps.com/dispensaries/in/united-states/michigan/jackson-mi,"Jackson, MI",,,,Michigan,,,,,,,,,
,,,,,,,https://weedmaps.com/dispensaries/in/united-states/massachusetts/holyoke,Holyoke,,,,Massachusetts,,,,,,,,,
,,,,,,,https://weedmaps.com/dispensaries/in/united-states/new-mexico/roswell-carlsbad-hobbs,Roswell / Carlsbad / Hobbs,,,,New Mexico,,,,,,,,,
,,,,,,,https://weedmaps.com/dispensaries/in/united-states/new-hampshire/rochester-nh,"Rochester, NH",,,,New Hampshire,,,,,,,,,
,,,,,,,https://weedmaps.com/dispensaries/in/united-states/new-hampshire/salem-nh,"Salem, NH",,,,New Hampshire,,,,,,,,,
,,,,,,,https://weedmaps.com/dispensaries/in/united-states/north-dakota/bismarck,Bismarck,,,,North Dakota,,,,,,,,,
,,,,,,,https://weedmaps.com/dispensaries/in/united-states/new-jersey/elizabeth,Elizabeth,,,,New Jersey,,,,,,,,,
,,,,,,,https://weedmaps.com/dispensaries/in/united-states/new-jersey/jersey-city,Jersey City,,,,New Jersey,,,,,,,,,
,,,,,,,https://weedmaps.com/dispensaries/in/united-states/maryland/salisbury,Salisbury,,,,Maryland,,,,,,,,,
,,,,,,,https://weedmaps.com/dispensaries/in/united-states/montana/glasgow,Glasgow,,,,Montana,,,,,,,,,
,,,,,,,https://weedmaps.com/dispensaries/in/united-states/new-york/manhattan,Manhattan,,,,New York,,,,,,,,,
,,,,,,,https://weedmaps.com/dispensaries/in/united-states/new-york/nassau,Nassau,,,,New York,,,,,,,,,
,,,,,,,https://weedmaps.com/dispensaries/in/united-states/colorado/montrose,Montrose,,,,Colorado,,,,,,,,,
,,,,,,,https://weedmaps.com/dispensaries/in/united-states/california/calaveras-county,Calaveras County,,,,California,,,,,,,,,
,,,,,,,https://weedmaps.com/dispensaries/in/united-states/michigan/kalamazoo,Kalamazoo,,,,Michigan,,,,,,,,,
,,,,,,,https://weedmaps.com/dispensaries/in/united-states/massachusetts/leominster,Leominster,,,,Massachusetts,,,,,,,,,
,,,,,,,https://weedmaps.com/dispensaries/in/united-states/new-mexico/santa-fe,Santa Fe,,,,New Mexico,,,,,,,,,
,,,,,,,https://weedmaps.com/dispensaries/in/united-states/north-dakota/dickinson,Dickinson,,,,North Dakota,,,,,,,,,
,,,,,,,https://weedmaps.com/dispensaries/in/united-states/north-dakota/fargo,Fargo,,,,North Dakota,,,,,,,,,
,,,,,,,https://weedmaps.com/dispensaries/in/united-states/new-jersey/newark-nj,"Newark, NJ",,,,New Jersey,,,,,,,,,
,,,,,,,https://weedmaps.com/dispensaries/in/united-states/new-jersey/passaic,Passaic,,,,New Jersey,,,,,,,,,
,,,,,,,https://weedmaps.com/dispensaries/in/united-states/maryland/silver-spring,Silver Spring,,,,Maryland,,,,,,,,,
,,,,,,,https://weedmaps.com/dispensaries/in/united-states/montana/great-falls,Great Falls,,,,Montana,,,,,,,,,
,,,,,,,https://weedmaps.com/dispensaries/in/united-states/new-york/poughkeepsie,Poughkeepsie,,,,New York,,,,,,,,,
,,,,,,,https://weedmaps.com/dispensaries/in/united-states/new-york/queens,Queens,,,,New York,,,,,,,,,
,,,,,,,https://weedmaps.com/dispensaries/in/united-states/colorado/northglenn-thornton,Northglenn,,,,Colorado,,,,,,,,,
,,,,,,,https://weedmaps.com/dispensaries/in/united-states/california/san-jose-southcampbell,Campbell / Cupertino,,,,California,,,,,,,,,
,,,,,,,https://weedmaps.com/dispensaries/in/united-states/michigan/lansing,Lansing,,,,Michigan,,,,,,,,,
,,,,,,,https://weedmaps.com/dispensaries/in/united-states/massachusetts/lowell,Lowell,,,,Massachusetts,,,,,,,,,
,,,,,,,https://weedmaps.com/dispensaries/in/united-states/new-mexico/silver-city,Silver City,,,,New Mexico,,,,,,,,,
,,,,,,,https://weedmaps.com/dispensaries/in/united-states/north-dakota/grand-forks,Grand Forks,,,,North Dakota,,,,,,,,,
,,,,,,,https://weedmaps.com/dispensaries/in/united-states/north-dakota/jamestown,Jamestown,,,,North Dakota,,,,,,,,,
,,,,,,,https://weedmaps.com/dispensaries/in/united-states/new-jersey/paterson,Paterson,,,,New Jersey,,,,,,,,,
,,,,,,,https://weedmaps.com/dispensaries/in/united-states/new-jersey/secaucus,Secaucus,,,,New Jersey,,,,,,,,,
,,,,,,,https://weedmaps.com/dispensaries/in/united-states/maryland/southern-maryland,Southern Maryland,,,,Maryland,,,,,,,,,
,,,,,,,https://weedmaps.com/dispensaries/in/united-states/montana/havre,Havre,,,,Montana,,,,,,,,,
,,,,,,,https://weedmaps.com/dispensaries/in/united-states/new-york/rochester-ny,"Rochester, NY",,,,New York,,,,,,,,,
,,,,,,,https://weedmaps.com/dispensaries/in/united-states/new-york/staten-island,Staten Island,,,,New York,,,,,,,,,
,,,,,,,https://weedmaps.com/dispensaries/in/united-states/colorado/north-west-colorado,North West Colorado,,,,Colorado,,,,,,,,,
,,,,,,,https://weedmaps.com/dispensaries/in/united-states/california/carlsbad,Carlsbad,,,,California,,,,,,,,,
,,,,,,,https://weedmaps.com/dispensaries/in/united-states/michigan/lapeer-county,Lapeer County,,,,Michigan,,,,,,,,,
,,,,,,,https://weedmaps.com/dispensaries/in/united-states/massachusetts/nantucket,Nantucket,,,,Massachusetts,,,,,,,,,
,,,,,,,https://weedmaps.com/dispensaries/in/united-states/new-mexico/taos,Taos,,,,New Mexico,,,,,,,,,
,,,,,,,https://weedmaps.com/dispensaries/in/united-states/north-dakota/mandan,Mandan,,,,North Dakota,,,,,,,,,
,,,,,,,https://weedmaps.com/dispensaries/in/united-states/north-dakota/minot,Minot,,,,North Dakota,,,,,,,,,
,,,,,,,https://weedmaps.com/dispensaries/in/united-states/new-jersey/toms-river,Toms River,,,,New Jersey,,,,,,,,,
,,,,,,,https://weedmaps.com/dispensaries/in/united-states/new-jersey/trenton,Trenton,,,,New Jersey,,,,,,,,,
,,,,,,,https://weedmaps.com/dispensaries/in/united-states/maryland/takoma-park,Takoma Park,,,,Maryland,,,,,,,,,
,,,,,,,https://weedmaps.com/dispensaries/in/united-states/montana/helena,Helena,,,,Montana,,,,,,,,,
,,,,,,,https://weedmaps.com/dispensaries/in/united-states/new-york/syracuse,Syracuse,,,,New York,,,,,,,,,
,,,,,,,https://weedmaps.com/dispensaries/in/united-states/new-york/upstate-new-york,Upstate New York,,,,New York,,,,,,,,,
,,,,,,,https://weedmaps.com/dispensaries/in/united-states/colorado/pagosa-springs,Pagosa Springs,,,,Colorado,,,,,,,,,
,,,,,,,https://weedmaps.com/dispensaries/in/united-states/california/carpinteria,Carpinteria,,,,California,,,,,,,,,
,,,,,,,https://weedmaps.com/dispensaries/in/united-states/michigan/macomb-county,Macomb County,,,,Michigan,,,,,,,,,
,,,,,,,https://weedmaps.com/dispensaries/in/united-states/massachusetts/newton,Newton,,,,Massachusetts,,,,,,,,,
,,,,,,,https://weedmaps.com/dispensaries/in/united-states/new-mexico/truth-or-consequences,Truth or Consequences,,,,New Mexico,,,,,,,,,
,,,,,,,https://weedmaps.com/dispensaries/in/united-states/north-dakota/wahpeton,Wahpeton,,,,North Dakota,,,,,,,,,
,,,,,,,https://weedmaps.com/dispensaries/in/united-states/north-dakota/west-fargo,West Fargo,,,,North Dakota,,,,,,,,,
,,,,,,,https://weedmaps.com/dispensaries/in/united-states/maryland/temple-hills,Temple Hills,,,,Maryland,,,,,,,,,
,,,,,,,https://weedmaps.com/dispensaries/in/united-states/montana/kalispell,Kalispell,,,,Montana,,,,,,,,,
,,,,,,,https://weedmaps.com/dispensaries/in/united-states/new-york/utica,Utica,,,,New York,,,,,,,,,
,,,,,,,https://weedmaps.com/dispensaries/in/united-states/new-york/westchester-county,Westchester County,,,,New York,,,,,,,,,
,,,,,,,https://weedmaps.com/dispensaries/in/united-states/colorado/pueblo,Pueblo,,,,Colorado,,,,,,,,,
,,,,,,,https://weedmaps.com/dispensaries/in/united-states/california/catalina-island,Catalina Island,,,,California,,,,,,,,,
,,,,,,,https://weedmaps.com/dispensaries/in/united-states/michigan/mt-pleasant,Mt Pleasant,,,,Michigan,,,,,,,,,
,,,,,,,https://weedmaps.com/dispensaries/in/united-states/massachusetts/northampton,Northampton,,,,Massachusetts,,,,,,,,,
,,,,,,,https://weedmaps.com/dispensaries/in/united-states/north-dakota/williston,Williston,,,,North Dakota,,,,,,,,,
,,,,,,,https://weedmaps.com/dispensaries/in/united-states/maryland/towson,Towson,,,,Maryland,,,,,,,,,
,,,,,,,https://weedmaps.com/dispensaries/in/united-states/montana/lake-county,Lake County,,,,Montana,,,,,,,,,
,,,,,,,https://weedmaps.com/dispensaries/in/united-states/colorado/ridgway,Ridgway,,,,Colorado,,,,,,,,,
,,,,,,,https://weedmaps.com/dispensaries/in/united-states/california/central-california-brands,Central California Brands,,,,California,,,,,,,,,
,,,,,,,https://weedmaps.com/dispensaries/in/united-states/michigan/oakland-county,Oakland County,,,,Michigan,,,,,,,,,
,,,,,,,https://weedmaps.com/dispensaries/in/united-states/massachusetts/pittsfield,Pittsfield,,,,Massachusetts,,,,,,,,,
,,,,,,,https://weedmaps.com/dispensaries/in/united-states/maryland/waldorf,Waldorf,,,,Maryland,,,,,,,,,
,,,,,,,https://weedmaps.com/dispensaries/in/united-states/montana/madison-county,Madison County,,,,Montana,,,,,,,,,
,,,,,,,https://weedmaps.com/dispensaries/in/united-states/colorado/rocky-ford,Rocky Ford,,,,Colorado,,,,,,,,,
,,,,,,,https://weedmaps.com/dispensaries/in/united-states/california/central-la,Central LA,,,,California,,,,,,,,,
,,,,,,,https://weedmaps.com/dispensaries/in/united-states/michigan/pinconning,Pinconning,,,,Michigan,,,,,,,,,
,,,,,,,https://weedmaps.com/dispensaries/in/united-states/massachusetts/plymouth-ma,"Plymouth, MA",,,,Massachusetts,,,,,,,,,
,,,,,,,https://weedmaps.com/dispensaries/in/united-states/maryland/westminster-md,"Westminster, MD",,,,Maryland,,,,,,,,,
,,,,,,,https://weedmaps.com/dispensaries/in/united-states/montana/miles-city,Miles City,,,,Montana,,,,,,,,,
,,,,,,,https://weedmaps.com/dispensaries/in/united-states/colorado/silverthorne,Silverthorne,,,,Colorado,,,,,,,,,
,,,,,,,https://weedmaps.com/dispensaries/in/united-states/california/cerritos,Cerritos,,,,California,,,,,,,,,
,,,,,,,https://weedmaps.com/dispensaries/in/united-states/michigan/sw-michigan,South West Michigan,,,,Michigan,,,,,,,,,
,,,,,,,https://weedmaps.com/dispensaries/in/united-states/massachusetts/quincy,"Quincy, MA",,,,Massachusetts,,,,,,,,,
,,,,,,,https://weedmaps.com/dispensaries/in/united-states/maryland/white-marsh,White Marsh,,,,Maryland,,,,,,,,,
,,,,,,,https://weedmaps.com/dispensaries/in/united-states/montana/missoula,Missoula,,,,Montana,,,,,,,,,
,,,,,,,https://weedmaps.com/dispensaries/in/united-states/colorado/summit-eagle-county,Summit County / Breckenridge,,,,Colorado,,,,,,,,,
,,,,,,,https://weedmaps.com/dispensaries/in/united-states/california/chico,Chico,,,,California,,,,,,,,,
,,,,,,,https://weedmaps.com/dispensaries/in/united-states/michigan/st-clair-county,St. Clair County,,,,Michigan,,,,,,,,,
,,,,,,,https://weedmaps.com/dispensaries/in/united-states/massachusetts/salem-peabody,Salem / Peabody,,,,Massachusetts,,,,,,,,,
,,,,,,,https://weedmaps.com/dispensaries/in/united-states/colorado/telluride,Telluride,,,,Colorado,,,,,,,,,
,,,,,,,https://weedmaps.com/dispensaries/in/united-states/california/chino,Chino,,,,California,,,,,,,,,
,,,,,,,https://weedmaps.com/dispensaries/in/united-states/michigan/michigan-2,Traverse City,,,,Michigan,,,,,,,,,
,,,,,,,https://weedmaps.com/dispensaries/in/united-states/massachusetts/somerville,Somerville,,,,Massachusetts,,,,,,,,,
,,,,,,,https://weedmaps.com/dispensaries/in/united-states/colorado/trinidad,Trinidad,,,,Colorado,,,,,,,,,
,,,,,,,https://weedmaps.com/dispensaries/in/united-states/california/south-bay-sd,Chula Vista / National City,,,,California,,,,,,,,,
,,,,,,,https://weedmaps.com/dispensaries/in/united-states/michigan/upper-peninsula,Upper Peninsula,,,,Michigan,,,,,,,,,
,,,,,,,https://weedmaps.com/dispensaries/in/united-states/massachusetts/springfield-ma,"Springfield, MA",,,,Massachusetts,,,,,,,,,
,,,,,,,https://weedmaps.com/dispensaries/in/united-states/california/citrus-heights-orangevale,Citrus Heights / Orangevale,,,,California,,,,,,,,,
,,,,,,,https://weedmaps.com/dispensaries/in/united-states/michigan/west-detroit,West Detroit,,,,Michigan,,,,,,,,,
,,,,,,,https://weedmaps.com/dispensaries/in/united-states/massachusetts/taunton,Taunton,,,,Massachusetts,,,,,,,,,
,,,,,,,https://weedmaps.com/dispensaries/in/united-states/california/mesa,Clairemont Kearny,,,,California,,,,,,,,,
,,,,,,,https://weedmaps.com/dispensaries/in/united-states/michigan/ypsilanti--2,Ypsilanti / Wayne,,,,Michigan,,,,,,,,,
,,,,,,,https://weedmaps.com/dispensaries/in/united-states/massachusetts/worcester,Worcester,,,,Massachusetts,,,,,,,,,
,,,,,,,https://weedmaps.com/dispensaries/in/united-states/california/clearlake,Clearlake,,,,California,,,,,,,,,
,,,,,,,https://weedmaps.com/dispensaries/in/united-states/california/clovis,Clovis,,,,California,,,,,,,,,
,,,,,,,https://weedmaps.com/dispensaries/in/united-states/california/compton,Compton / Bellflower,,,,California,,,,,,,,,
,,,,,,,https://weedmaps.com/dispensaries/in/united-states/california/coronanorco,Corona / Norco,,,,California,,,,,,,,,
,,,,,,,https://weedmaps.com/dispensaries/in/united-states/california/beach-cities,Costa Mesa,,,,California,,,,,,,,,
,,,,,,,https://weedmaps.com/dispensaries/in/united-states/california/covina,Covina,,,,California,,,,,,,,,
,,,,,,,https://weedmaps.com/dispensaries/in/united-states/california/crescent-city,Crescent City,,,,California,,,,,,,,,
,,,,,,,https://weedmaps.com/dispensaries/in/united-states/california/culver-city,Culver City,,,,California,,,,,,,,,
,,,,,,,https://weedmaps.com/dispensaries/in/united-states/ohio/akron,Akron,,,,Ohio,,,,,,,,,
,,,,,,,https://weedmaps.com/dispensaries/in/united-states/california/dana-point,Dana Point,,,,California,,,,,,,,,
,,,,,,,https://weedmaps.com/dispensaries/in/united-states/ohio/archbold,Archbold,,,,Ohio,,,,,,,,,
,,,,,,,https://weedmaps.com/dispensaries/in/united-states/california/danville-san-ramon,Danville / San Ramon,,,,California,,,,,,,,,
,,,,,,,https://weedmaps.com/dispensaries/in/united-states/ohio/athens-oh,"Athens, OH",,,,Ohio,,,,,,,,,
,,,,,,,https://weedmaps.com/dispensaries/in/united-states/california/davis,Davis,,,,California,,,,,,,,,
,,,,,,,https://weedmaps.com/dispensaries/in/united-states/ohio/canton,Canton,,,,Ohio,,,,,,,,,
,,,,,,,https://weedmaps.com/dispensaries/in/united-states/california/del-mar,Del Mar,,,,California,,,,,,,,,
,,,,,,,https://weedmaps.com/dispensaries/in/united-states/ohio/cincinnati,Cincinnati,,,,Ohio,,,,,,,,,
,,,,,,,https://weedmaps.com/dispensaries/in/united-states/california/downtown-la,Downtown LA,,,,California,,,,,,,,,
,,,,,,,https://weedmaps.com/dispensaries/in/united-states/ohio/cleveland,Cleveland,,,,Ohio,,,,,,,,,
,,,,,,,https://weedmaps.com/dispensaries/in/united-states/california/central-coast-brands/san-fernando-valley--2/san-fernando-valley-brands/los-angeles/downtown-la-brands,Downtown LA Brands,,,,California,,,,,,,,,
,,,,,,,https://weedmaps.com/dispensaries/in/united-states/ohio/columbus,Columbus,,,,Ohio,,,,,,,,,
,,,,,,,https://weedmaps.com/dispensaries/in/united-states/california/downtown-long-beach,Downtown Long Beach,,,,California,,,,,,,,,
,,,,,,,https://weedmaps.com/dispensaries/in/united-states/ohio/dayton,Dayton,,,,Ohio,,,,,,,,,
,,,,,,,https://weedmaps.com/dispensaries/in/united-states/california/dublin-pleasanton,Dublin / Pleasanton,,,,California,,,,,,,,,
,,,,,,,https://weedmaps.com/dispensaries/in/united-states/ohio/lima,Lima,,,,Ohio,,,,,,,,,
,,,,,,,https://weedmaps.com/dispensaries/in/united-states/california/east-bay,East Bay,,,,California,,,,,,,,,
,,,,,,,https://weedmaps.com/dispensaries/in/united-states/ohio/lorain,Lorain,,,,Ohio,,,,,,,,,
,,,,,,,https://weedmaps.com/dispensaries/in/united-states/oklahoma/ardmore,Ardmore,,,,Oklahoma,,,,,,,,,
,,,,,,,https://weedmaps.com/dispensaries/in/united-states/california/east-la,East LA,,,,California,,,,,,,,,
,,,,,,,https://weedmaps.com/dispensaries/in/united-states/ohio/parma,Parma,,,,Ohio,,,,,,,,,
,,,,,,,https://weedmaps.com/dispensaries/in/united-states/oklahoma/bartlesville,Bartlesville,,,,Oklahoma,,,,,,,,,
,,,,,,,https://weedmaps.com/dispensaries/in/united-states/california/el-cajon,El Cajon,,,,California,,,,,,,,,
,,,,,,,https://weedmaps.com/dispensaries/in/united-states/pennsylvania/allentown,Allentown,,,,Pennsylvania,,,,,,,,,
,,,,,,,https://weedmaps.com/dispensaries/in/united-states/ohio/steubenville,Steubenville,,,,Ohio,,,,,,,,,
,,,,,,,https://weedmaps.com/dispensaries/in/united-states/oklahoma/broken-arrow,Broken Arrow,,,,Oklahoma,,,,,,,,,
,,,,,,,https://weedmaps.com/dispensaries/in/united-states/california/imperial-county,El Centro,,,,California,,,,,,,,,
,,,,,,,https://weedmaps.com/dispensaries/in/united-states/pennsylvania/bensalem,Bensalem,,,,Pennsylvania,,,,,,,,,
,,,,,,,https://weedmaps.com/dispensaries/in/united-states/pennsylvania/bethlehem,Bethlehem,,,,Pennsylvania,,,,,,,,,
,,,,,,,https://weedmaps.com/dispensaries/in/united-states/ohio/toledo,Toledo,,,,Ohio,,,,,,,,,
,,,,,,,https://weedmaps.com/dispensaries/in/united-states/oklahoma/durant,Durant,,,,Oklahoma,,,,,,,,,
,,,,,,,https://weedmaps.com/dispensaries/in/united-states/california/elk-grove,Elk Grove,,,,California,,,,,,,,,
,,,,,,,https://weedmaps.com/dispensaries/in/united-states/pennsylvania/dunmore,Dunmore,,,,Pennsylvania,,,,,,,,,
,,,,,,,https://weedmaps.com/dispensaries/in/united-states/pennsylvania/erie,Erie,,,,Pennsylvania,,,,,,,,,
,,,,,,,https://weedmaps.com/dispensaries/in/united-states/ohio/youngstown,Youngstown,,,,Ohio,,,,,,,,,
,,,,,,,https://weedmaps.com/dispensaries/in/united-states/oregon/albany-corvallis,Albany / Corvallis,,,,Oregon,,,,,,,,,
,,,,,,,https://weedmaps.com/dispensaries/in/united-states/oklahoma/edmond,Edmond,,,,Oklahoma,,,,,,,,,
,,,,,,,https://weedmaps.com/dispensaries/in/united-states/tennessee/nashville,Nashville,,,,Tennessee,,,,,,,,,
,,,,,,,https://weedmaps.com/dispensaries/in/united-states/california/north-san-diego,Encinitas,,,,California,,,,,,,,,
,,,,,,,https://weedmaps.com/dispensaries/in/united-states/pennsylvania/harrisburg,"Harrisburg, PA",,,,Pennsylvania,,,,,,,,,
,,,,,,,https://weedmaps.com/dispensaries/in/united-states/oregon/oregon-coast,Astoria / Seaside,,,,Oregon,,,,,,,,,
,,,,,,,https://weedmaps.com/dispensaries/in/united-states/oklahoma/elk-city-weatherford,Elk City / Weatherford,,,,Oklahoma,,,,,,,,,
,,,,,,,https://weedmaps.com/dispensaries/in/united-states/california/encino--2,Encino,,,,California,,,,,,,,,
,,,,,,,https://weedmaps.com/dispensaries/in/united-states/pennsylvania/johnstown,Johnstown,,,,Pennsylvania,,,,,,,,,
,,,,,,,https://weedmaps.com/dispensaries/in/united-states/pennsylvania/king-of-prussia,King of Prussia,,,,Pennsylvania,,,,,,,,,
,,,,,,,https://weedmaps.com/dispensaries/in/united-states/oregon/salem-eugene,Bend,,,,Oregon,,,,,,,,,
,,,,,,,https://weedmaps.com/dispensaries/in/united-states/oregon/newport-brookings,Brookings,,,,Oregon,,,,,,,,,
,,,,,,,https://weedmaps.com/dispensaries/in/united-states/oklahoma/el-reno-yukon,El Reno / Yukon,,,,Oklahoma,,,,,,,,,
,,,,,,,https://weedmaps.com/dispensaries/in/united-states/california/eureka,Eureka,,,,California,,,,,,,,,
,,,,,,,https://weedmaps.com/dispensaries/in/united-states/pennsylvania/lancaster-pa,"Lancaster, PA",,,,Pennsylvania,,,,,,,,,
,,,,,,,https://weedmaps.com/dispensaries/in/united-states/pennsylvania/philadelphia,Philadelphia,,,,Pennsylvania,,,,,,,,,
,,,,,,,https://weedmaps.com/dispensaries/in/united-states/rhode-island/rhode-island-cannbis-clubs,Providence,,,,Rhode Island,,,,,,,,,
,,,,,,,https://weedmaps.com/dispensaries/in/united-states/oregon/burns-hines,Burns / Hines,,,,Oregon,,,,,,,,,
,,,,,,,https://weedmaps.com/dispensaries/in/united-states/oklahoma/enid,Enid,,,,Oklahoma,,,,,,,,,
,,,,,,,https://weedmaps.com/dispensaries/in/united-states/california/fairfield,Fairfield,,,,California,,,,,,,,,
,,,,,,,https://weedmaps.com/dispensaries/in/united-states/pennsylvania/pittsburgh,Pittsburgh,,,,Pennsylvania,,,,,,,,,
,,,,,,,https://weedmaps.com/dispensaries/in/united-states/rhode-island/warwick,Warwick,,,,Rhode Island,,,,,,,,,
,,,,,,,https://weedmaps.com/dispensaries/in/united-states/oregon/cave-junction,Cave Junction,,,,Oregon,,,,,,,,,
,,,,,,,https://weedmaps.com/dispensaries/in/united-states/oklahoma/guymon,Guymon,,,,Oklahoma,,,,,,,,,
,,,,,,,https://weedmaps.com/dispensaries/in/united-states/california/fallbrook,Fallbrook,,,,California,,,,,,,,,
,,,,,,,https://weedmaps.com/dispensaries/in/united-states/pennsylvania/reading,Reading,,,,Pennsylvania,,,,,,,,,
,,,,,,,https://weedmaps.com/dispensaries/in/united-states/pennsylvania/scranton,Scranton,,,,Pennsylvania,,,,,,,,,
,,Utah Medical Marijuana Dispensary,,,,,,,,,,"Utah, UT",https://weedmaps.com/dispensaries/utah-medical-marijuana-dispensary,,,,,,,,
,,,,,,,https://weedmaps.com/dispensaries/in/united-states/oregon/columbia-gorge,Columbia River Gorge,,,,Oregon,,,,,,,,,
,,,,,,,https://weedmaps.com/dispensaries/in/united-states/oklahoma/idabel-broken-bow,Idabel / Broken Bow,,,,Oklahoma,,,,,,,,,
,,,,,,,https://weedmaps.com/dispensaries/in/united-states/california/fontana,Fontana,,,,California,,,,,,,,,
,,,,,,,https://weedmaps.com/dispensaries/in/united-states/pennsylvania/upper-darby,Upper Darby,,,,Pennsylvania,,,,,,,,,
,,,,,,,https://weedmaps.com/dispensaries/in/united-states/pennsylvania/waynesburg,Waynesburg,,,,Pennsylvania,,,,,,,,,
,,Grassroots Vermont,,,,,,,,,,"Vermont, VT",https://weedmaps.com/dispensaries/grassroots-vermont,,,,,,,,
,,,,,,,https://weedmaps.com/dispensaries/in/united-states/texas/abilene,Abilene,,,,Texas,,,,,,,,,
,,,,,,,https://weedmaps.com/dispensaries/in/united-states/oregon/coos-bay,Coos Bay,,,,Oregon,,,,,,,,,
,,,,,,,https://weedmaps.com/dispensaries/in/united-states/oklahoma/lawton,Lawton,,,,Oklahoma,,,,,,,,,
,,,,,,,https://weedmaps.com/dispensaries/in/united-states/california/fort-bragg,Fort Bragg,,,,California,,,,,,,,,
,,,,,,,https://weedmaps.com/dispensaries/in/united-states/pennsylvania/williamsport,Williamsport,,,,Pennsylvania,,,,,,,,,
,,Takoma Wellness Center,,,,,,,,,,"Washington DC, DC",https://weedmaps.com/dispensaries/takoma-wellness-center-2-2,,,,,,,,
,,Grassroots Vermont,,,,,,,,,,"Vermont, VT",https://weedmaps.com/dispensaries/champlain-valley-dispensary-2,,,,,,,,
,,,,,,,https://weedmaps.com/dispensaries/in/united-states/texas/amarillo,Amarillo,,,,Texas,,,,,,,,,
,,,,,,,https://weedmaps.com/dispensaries/in/united-states/texas/austin,Austin,,,,Texas,,,,,,,,,
,,,,,,,https://weedmaps.com/dispensaries/in/united-states/oregon/cottage-grove,Cottage Grove,,,,Oregon,,,,,,,,,
,,,,,,,https://weedmaps.com/dispensaries/in/united-states/oklahoma/mcalester,McAlester,,,,Oklahoma,,,,,,,,,
,,,,,,,https://weedmaps.com/dispensaries/in/united-states/california/frazier-park,Frazier Park,,,,California,,,,,,,,,
,,,,,,,https://weedmaps.com/dispensaries/in/united-states/west-virginia/beckley,Beckley,,,,West Virginia,,,,,,,,,
,,Takoma Wellness Center,,,,,,,,,,"Washington DC, DC",https://weedmaps.com/dispensaries/metropolitan-wellness-center-2,,,,,,,,
,,Grassroots Vermont,,,,,,,,,,"Vermont, VT",https://weedmaps.com/dispensaries/southern-vermont-wellness,,,,,,,,
,,Grassroots Vermont,,,,,,,,,,"Vermont, VT",https://weedmaps.com/dispensaries/vermont-patient-alliance,,,,,,,,
,,,,,,,https://weedmaps.com/dispensaries/in/united-states/texas/beaumont-tx,"Beaumont, TX",,,,Texas,,,,,,,,,
,,,,,,,https://weedmaps.com/dispensaries/in/united-states/texas/brownsville,Brownsville,,,,Texas,,,,,,,,,
,,,,,,,https://weedmaps.com/dispensaries/in/united-states/oregon/eugene-springfield,Eugene / Springfield,,,,Oregon,,,,,,,,,
,,,,,,,https://weedmaps.com/dispensaries/in/united-states/oklahoma/miami-ok,"Miami, OK",,,,Oklahoma,,,,,,,,,
,,,,,,,https://weedmaps.com/dispensaries/in/united-states/california/fremont-milpitas-union-city,Fremont / Milpitas / Union City,,,,California,,,,,,,,,
,,,,,,,https://weedmaps.com/dispensaries/in/united-states/washington/auburn-covington,Auburn / Covington,,,,Washington,,,,,,,,,
,,,,,,,https://weedmaps.com/dispensaries/in/united-states/west-virginia/bluefield,Bluefield,,,,West Virginia,,,,,,,,,
,,,,,,,https://weedmaps.com/dispensaries/in/united-states/west-virginia/charleston,Charleston,,,,West Virginia,,,,,,,,,
,,Takoma Wellness Center,,,,,,,,,,"Washington DC, DC",https://weedmaps.com/dispensaries/anacostia-organics,,,,,,,,
,,,,,,,https://weedmaps.com/dispensaries/in/united-states/texas/corpus-christi,Corpus Christi,,,,Texas,,,,,,,,,
,,,,,,,https://weedmaps.com/dispensaries/in/united-states/texas/dallas,Dallas,,,,Texas,,,,,,,,,
,,,,,,,https://weedmaps.com/dispensaries/in/united-states/oregon/florence,Florence,,,,Oregon,,,,,,,,,
,,,,,,,https://weedmaps.com/dispensaries/in/united-states/oklahoma/midwest-city-del-city,Midwest City / Del City,,,,Oklahoma,,,,,,,,,
,,,,,,,https://weedmaps.com/dispensaries/in/united-states/california/fresno,Fresno,,,,California,,,,,,,,,
,,,,,,,https://weedmaps.com/dispensaries/in/united-states/washington/washington-state,Bellingham,,,,Washington,,,,,,,,,
,,,,,,,https://weedmaps.com/dispensaries/in/united-states/west-virginia/clarksburg,Clarksburg,,,,West Virginia,,,,,,,,,
,,,,,,,https://weedmaps.com/dispensaries/in/united-states/west-virginia/huntington-wv,"Huntington, WV",,,,West Virginia,,,,,,,,,
,,Takoma Wellness Center,,,,,,,,,,"Washington DC, DC",https://weedmaps.com/dispensaries/dc-holistic-wellness,,,,,,,,
,,,,,,,https://weedmaps.com/dispensaries/in/united-states/texas/el-paso,El Paso,,,,Texas,,,,,,,,,
,,,,,,,https://weedmaps.com/dispensaries/in/united-states/texas/fort-worth,Fort Worth,,,,Texas,,,,,,,,,
,,,,,,,https://weedmaps.com/dispensaries/in/united-states/oregon/hillsboro-forest-grove,Hillsboro / Forest Grove,,,,Oregon,,,,,,,,,
,,,,,,,https://weedmaps.com/dispensaries/in/united-states/oregon/klamath-falls-lakeview,Klamath Falls / Lakeview,,,,Oregon,,,,,,,,,
,,,,,,,https://weedmaps.com/dispensaries/in/united-states/oklahoma/moore,Moore,,,,Oklahoma,,,,,,,,,
,,,,,,,https://weedmaps.com/dispensaries/in/united-states/california/north-oc,Fullerton,,,,California,,,,,,,,,
,,,,,,,https://weedmaps.com/dispensaries/in/united-states/washington/cathlamet,Cathlamet,,,,Washington,,,,,,,,,
,,,,,,,https://weedmaps.com/dispensaries/in/united-states/west-virginia/martinsburg,Martinsburg,,,,West Virginia,,,,,,,,,
,,,,,,,https://weedmaps.com/dispensaries/in/united-states/west-virginia/morgantown,Morgantown,,,,West Virginia,,,,,,,,,
,,Takoma Wellness Center,,,,,,,,,,"Washington DC, DC",https://weedmaps.com/dispensaries/herbal-alternatives-ii,,,,,,,,
,,,,,,,https://weedmaps.com/dispensaries/in/united-states/texas/houston,Houston,,,,Texas,,,,,,,,,
,,,,,,,https://weedmaps.com/dispensaries/in/united-states/texas/lubbock,Lubbock,,,,Texas,,,,,,,,,
,,,,,,,https://weedmaps.com/dispensaries/in/united-states/oregon/la-grande-huntington,La Grande / Huntington,,,,Oregon,,,,,,,,,
,,,,,,,https://weedmaps.com/dispensaries/in/united-states/oklahoma/muskogee,Muskogee,,,,Oklahoma,,,,,,,,,
,,,,,,,https://weedmaps.com/dispensaries/in/united-states/california/garden-grove,Garden Grove,,,,California,,,,,,,,,
,,,,,,,https://weedmaps.com/dispensaries/in/united-states/washington/everettsnohomish,Everett / Snohomish County,,,,Washington,,,,,,,,,
,,,,,,,https://weedmaps.com/dispensaries/in/united-states/west-virginia/parkersburg,Parkersburg,,,,West Virginia,,,,,,,,,
,,,,,,,https://weedmaps.com/dispensaries/in/united-states/west-virginia/weirton,Weirton,,,,West Virginia,,,,,,,,,
,,,,,,,https://weedmaps.com/dispensaries/in/united-states/virginia/fredericksburg,Fredericksburg,,,,Virginia,,,,,,,,,
,,Takoma Wellness Center,,,,,,,,,,"Washington DC, DC",https://weedmaps.com/dispensaries/national-holistic-healing-center,,,,,,,,
,,,,,,,https://weedmaps.com/dispensaries/in/united-states/texas/lufkin,Lufkin,,,,Texas,,,,,,,,,
,,,,,,,https://weedmaps.com/dispensaries/in/united-states/texas/midland,Midland,,,,Texas,,,,,,,,,
,,,,,,,https://weedmaps.com/dispensaries/in/united-states/oregon/madras-prineville,Madras / Prineville,,,,Oregon,,,,,,,,,
,,,,,,,https://weedmaps.com/dispensaries/in/united-states/oregon/medford-grants-pass,Medford / Grants Pass,,,,Oregon,,,,,,,,,
,,,,,,,https://weedmaps.com/dispensaries/in/united-states/oklahoma/norman,Norman,,,,Oklahoma,,,,,,,,,
,,,,,,,https://weedmaps.com/dispensaries/in/united-states/california/central-san-diego,Gaslamp District,,,,California,,,,,,,,,
,,,,,,,https://weedmaps.com/dispensaries/in/united-states/washington/eastside-seattle,Greater Eastside / Bellevue,,,,Washington,,,,,,,,,
,,,,,,,https://weedmaps.com/dispensaries/in/united-states/west-virginia/wheeling,Wheeling,,,,West Virginia,,,,,,,,,
,,Takoma Wellness Center,,,,,,,,,,"Washington DC, DC",https://weedmaps.com/dispensaries/capital-city-care,,,,,,,,
,,,,,,,https://weedmaps.com/dispensaries/in/united-states/texas/odessa,Odessa,,,,Texas,,,,,,,,,
,,,,,,,https://weedmaps.com/dispensaries/in/united-states/texas/san-angelo,San Angelo,,,,Texas,,,,,,,,,
,,,,,,,https://weedmaps.com/dispensaries/in/united-states/oregon/mt-hood,Mt Hood,,,,Oregon,,,,,,,,,
,,,,,,,https://weedmaps.com/dispensaries/in/united-states/oklahoma/oklahoma-city,Oklahoma City,,,,Oklahoma,,,,,,,,,
,,,,,,,https://weedmaps.com/dispensaries/in/united-states/california/glendale--2,Glendale,,,,California,,,,,,,,,
,,,,,,,https://weedmaps.com/dispensaries/in/united-states/washington/kitsap,Kitsap Peninsula,,,,Washington,,,,,,,,,
,,,,,,,https://weedmaps.com/dispensaries/in/united-states/texas/san-antonio,San Antonio,,,,Texas,,,,,,,,,
,,,,,,,https://weedmaps.com/dispensaries/in/united-states/texas/tyler,Tyler,,,,Texas,,,,,,,,,
,,,,,,,https://weedmaps.com/dispensaries/in/united-states/oregon/newberg-mcminnville,Newberg / McMinnville,,,,Oregon,,,,,,,,,
,,,,,,,https://weedmaps.com/dispensaries/in/united-states/oregon/newport-lincoln-city,Newport / Lincoln City,,,,Oregon,,,,,,,,,
,,,,,,,https://weedmaps.com/dispensaries/in/united-states/oklahoma/okmulgee,Okmulgee,,,,Oklahoma,,,,,,,,,
,,,,,,,https://weedmaps.com/dispensaries/in/united-states/california/goleta-isla-vista,Goleta / Isla Vista,,,,California,,,,,,,,,
,,,,,,,https://weedmaps.com/dispensaries/in/united-states/washington/klickitat-county,Klickitat County,,,,Washington,,,,,,,,,
,,,,,,,https://weedmaps.com/dispensaries/in/united-states/texas/waco,Waco,,,,Texas,,,,,,,,,
,,,,,,,https://weedmaps.com/dispensaries/in/united-states/texas/wichita-falls,Wichita Falls,,,,Texas,,,,,,,,,
,,,,,,,https://weedmaps.com/dispensaries/in/united-states/oregon/pendleton,Pendleton,,,,Oregon,,,,,,,,,
,,,,,,,https://weedmaps.com/dispensaries/in/united-states/oklahoma/owasso-claremore,Owasso / Claremore,,,,Oklahoma,,,,,,,,,
,,,,,,,https://weedmaps.com/dispensaries/in/united-states/california/granite-bay-folsom,Granite Bay / Folsom,,,,California,,,,,,,,,
,,,,,,,https://weedmaps.com/dispensaries/in/united-states/washington/longview,Longview,,,,Washington,,,,,,,,,
,,,,,,,https://weedmaps.com/dispensaries/in/united-states/oregon/portland-east,Portland East,,,,Oregon,,,,,,,,,
,,,,,,,https://weedmaps.com/dispensaries/in/united-states/oklahoma/sallisaw-poteau,Sallisaw / Poteau,,,,Oklahoma,,,,,,,,,
,,,,,,,https://weedmaps.com/dispensaries/in/united-states/california/harbor-city-wilmington,Harbor City / Wilmington,,,,California,,,,,,,,,
,,,,,,,https://weedmaps.com/dispensaries/in/united-states/washington/moses-lake,Moses Lake,,,,Washington,,,,,,,,,
,,,,,,,https://weedmaps.com/dispensaries/in/united-states/oregon/portland-north,Portland North,,,,Oregon,,,,,,,,,
,,,,,,,https://weedmaps.com/dispensaries/in/united-states/oregon/portland-west,Portland West,,,,Oregon,,,,,,,,,
,,,,,,,https://weedmaps.com/dispensaries/in/united-states/oklahoma/sapulpa-sand-springs,Sapulpa / Sand Springs,,,,Oklahoma,,,,,,,,,
,,,,,,,https://weedmaps.com/dispensaries/in/united-states/california/alameda-county-haywardtri-valley,Hayward / Castro Valley,,,,California,,,,,,,,,
,,,,,,,https://weedmaps.com/dispensaries/in/united-states/washington/north-seattle,North Seattle,,,,Washington,,,,,,,,,
,,,,,,,https://weedmaps.com/dispensaries/in/united-states/oregon/rainier,Rainier,,,,Oregon,,,,,,,,,
,,,,,,,https://weedmaps.com/dispensaries/in/united-states/oklahoma/shawnee,Shawnee,,,,Oklahoma,,,,,,,,,
,,,,,,,https://weedmaps.com/dispensaries/in/united-states/california/helendale,Helendale,,,,California,,,,,,,,,
,,,,,,,https://weedmaps.com/dispensaries/in/united-states/washington/ocean-shores-long-beach,Ocean Shores / Long Beach,,,,Washington,,,,,,,,,
,,,,,,,https://weedmaps.com/dispensaries/in/united-states/oregon/roseburg,Roseburg,,,,Oregon,,,,,,,,,
,,,,,,,https://weedmaps.com/dispensaries/in/united-states/oregon/salem-albany,Salem,,,,Oregon,,,,,,,,,
,,,,,,,https://weedmaps.com/dispensaries/in/united-states/oklahoma/stillwater,Stillwater,,,,Oklahoma,,,,,,,,,
,,,,,,,https://weedmaps.com/dispensaries/in/united-states/california/hemet,Hemet,,,,California,,,,,,,,,
,,,,,,,https://weedmaps.com/dispensaries/in/united-states/washington/olympiathurston-county,Olympia / Thurston County,,,,Washington,,,,,,,,,
,,,,,,,https://weedmaps.com/dispensaries/in/united-states/oregon/scappoose,Scappoose / St. Helens,,,,Oregon,,,,,,,,,
,,,,,,,https://weedmaps.com/dispensaries/in/united-states/oklahoma/tulsa,Tulsa,,,,Oklahoma,,,,,,,,,
,,,,,,,https://weedmaps.com/dispensaries/in/united-states/california/high-desert,Hesperia,,,,California,,,,,,,,,
,,,,,,,https://weedmaps.com/dispensaries/in/united-states/washington/olympic-peninsula,Olympic Peninsula,,,,Washington,,,,,,,,,
,,,,,,,https://weedmaps.com/dispensaries/in/united-states/oregon/sumpter,Sumpter,,,,Oregon,,,,,,,,,
,,,,,,,https://weedmaps.com/dispensaries/in/united-states/oklahoma/woodward,Woodward,,,,Oklahoma,,,,,,,,,
,,,,,,,https://weedmaps.com/dispensaries/in/united-states/california/hollywood,Hollywood,,,,California,,,,,,,,,
,,,,,,,https://weedmaps.com/dispensaries/in/united-states/washington/omak,Omak,,,,Washington,,,,,,,,,
,,,,,,,https://weedmaps.com/dispensaries/in/united-states/oregon/tillamook,Tillamook,,,,Oregon,,,,,,,,,
,,,,,,,https://weedmaps.com/dispensaries/in/united-states/california/central-coast-brands/san-fernando-valley--2/hollywood-brands,Hollywood Brands,,,,California,,,,,,,,,
,,,,,,,https://weedmaps.com/dispensaries/in/united-states/washington/pullman,Pullman,,,,Washington,,,,,,,,,
,,,,,,,https://weedmaps.com/dispensaries/in/united-states/oregon/waldport,Waldport,,,,Oregon,,,,,,,,,
,,,,,,,https://weedmaps.com/dispensaries/in/united-states/california/huntington-beach,Huntington Beach,,,,California,,,,,,,,,
,,,,,,,https://weedmaps.com/dispensaries/in/united-states/washington/san-juan-islands,San Juan Islands,,,,Washington,,,,,,,,,
,,,,,,,https://weedmaps.com/dispensaries/in/united-states/california/imperial-beach-otay-mesa,Imperial Beach / Otay Mesa,,,,California,,,,,,,,,
,,,,,,,https://weedmaps.com/dispensaries/in/united-states/washington/seattleking-county,Seattle,,,,Washington,,,,,,,,,
,,,,,,,https://weedmaps.com/dispensaries/in/united-states/california/inglewood-hawthorne-crenshaw-leimert-park,Inglewood / Hawthorne / Crenshaw / Leimert Park,,,,California,,,,,,,,,
,,,,,,,https://weedmaps.com/dispensaries/in/united-states/washington/skagit-county,Skagit County,,,,Washington,,,,,,,,,
,,,,,,,https://weedmaps.com/dispensaries/in/united-states/california/lake-forest,Irvine,,,,California,,,,,,,,,
,,,,,,,https://weedmaps.com/dispensaries/in/united-states/washington/south-seattle,South Seattle,,,,Washington,,,,,,,,,
,,,,,,,https://weedmaps.com/dispensaries/in/united-states/california/mira-loma,Jurupa Valley,,,,California,,,,,,,,,
,,,,,,,https://weedmaps.com/dispensaries/in/united-states/washington/spokaneeastern-washington,Spokane,,,,Washington,,,,,,,,,
,,,,,,,https://weedmaps.com/dispensaries/in/united-states/california/korea-town-echo-park,Korea Town / Echo Park,,,,California,,,,,,,,,
,,,,,,,https://weedmaps.com/dispensaries/in/united-states/washington/tacoma--2,Tacoma,,,,Washington,,,,,,,,,
,,,,,,,https://weedmaps.com/dispensaries/in/united-states/california/laguna-beach,Laguna Beach,,,,California,,,,,,,,,
,,,,,,,https://weedmaps.com/dispensaries/in/united-states/washington/tri-cities,Tri-Cities,,,,Washington,,,,,,,,,
,,,,,,,https://weedmaps.com/dispensaries/in/united-states/california/la-jolla,La Jolla,,,,California,,,,,,,,,
,,,,,,,https://weedmaps.com/dispensaries/in/united-states/washington/vancouver-washington,"Vancouver, WA",,,,Washington,,,,,,,,,
,,,,,,,https://weedmaps.com/dispensaries/in/united-states/california/lake-arrowhead,Lake Arrowhead,,,,California,,,,,,,,,
,,,,,,,https://weedmaps.com/dispensaries/in/united-states/washington/wenatchee,Wenatchee,,,,Washington,,,,,,,,,
,,,,,,,https://weedmaps.com/dispensaries/in/united-states/california/lake-elsinore,Lake Elsinore,,,,California,,,,,,,,,
,,,,,,,https://weedmaps.com/dispensaries/in/united-states/washington/yakima-ellensburg,Yakima / Ellensburg,,,,Washington,,,,,,,,,
,,,,,,,https://weedmaps.com/dispensaries/in/united-states/california/south-oc,Lake Forest,,,,California,,,,,,,,,
,,,,,,,https://weedmaps.com/dispensaries/in/united-states/arizona/lake-havasu-parker,Lake Havasu / Parker,,,,California,,,,,,,,,
,,,,,,,https://weedmaps.com/dispensaries/in/united-states/california/lake-isabella,Lake Isabella / Ridgecrest,,,,California,,,,,,,,,
,,,,,,,https://weedmaps.com/dispensaries/in/united-states/california/lake-tahoe,Lake Tahoe,,,,California,,,,,,,,,
,,,,,,,https://weedmaps.com/dispensaries/in/united-states/california/lakewood-california,"Lakewood, CA",,,,California,,,,,,,,,
,,,,,,,https://weedmaps.com/dispensaries/in/united-states/california/east-san-diego,La Mesa,,,,California,,,,,,,,,
,,,,,,,https://weedmaps.com/dispensaries/in/united-states/california/city-of-industry,La Puente,,,,California,,,,,,,,,
,,,,,,,https://weedmaps.com/dispensaries/in/united-states/california/lassen-county,Lassen County,,,,California,,,,,,,,,
,,,,,,,https://weedmaps.com/dispensaries/in/united-states/california/lax,LAX / Playa Del Rey / El Segundo,,,,California,,,,,,,,,
,,,,,,,https://weedmaps.com/dispensaries/in/united-states/california/laytonville,Laytonville,,,,California,,,,,,,,,
,,,,,,,https://weedmaps.com/dispensaries/in/united-states/california/south-east-san-diego,Lemon Grove / Spring Valley,,,,California,,,,,,,,,
,,,,,,,https://weedmaps.com/dispensaries/in/united-states/california/south-contra-costa,Livermore,,,,California,,,,,,,,,
,,,,,,,https://weedmaps.com/dispensaries/in/united-states/california/lompoc-solvang,Lompoc / Solvang,,,,California,,,,,,,,,
,,,,,,,https://weedmaps.com/dispensaries/in/united-states/california/madera,Madera,,,,California,,,,,,,,,
,,,,,,,https://weedmaps.com/dispensaries/in/united-states/california/malibu,Malibu / Pacific Palisades,,,,California,,,,,,,,,
,,,,,,,https://weedmaps.com/dispensaries/in/united-states/california/mammoth-lakes,Mammoth Lakes / Inyo County,,,,California,,,,,,,,,
,,,,,,,https://weedmaps.com/dispensaries/in/united-states/california/manteca,Manteca,,,,California,,,,,,,,,
,,,,,,,https://weedmaps.com/dispensaries/in/united-states/california/marin,Marin,,,,California,,,,,,,,,
,,,,,,,https://weedmaps.com/dispensaries/in/united-states/california/martinez,Martinez / Pleasant Hill,,,,California,,,,,,,,,
,,,,,,,https://weedmaps.com/dispensaries/in/united-states/california/mendocino,Mendocino,,,,California,,,,,,,,,
,,,,,,,https://weedmaps.com/dispensaries/in/united-states/california/menifee-winchester,Menifee / Winchester,,,,California,,,,,,,,,
,,,,,,,https://weedmaps.com/dispensaries/in/united-states/california/merced,Merced,,,,California,,,,,,,,,
,,,,,,,https://weedmaps.com/dispensaries/in/united-states/california/midtownculver-city,Mid Town,,,,California,,,,,,,,,
,,,,,,,https://weedmaps.com/dispensaries/in/united-states/california/central-san-diego-clubs,Mission Valley,,,,California,,,,,,,,,
,,,,,,,https://weedmaps.com/dispensaries/in/united-states/california/mission-viejo,Mission Viejo,,,,California,,,,,,,,,
,,,,,,,https://weedmaps.com/dispensaries/in/united-states/california/modesto,Modesto,,,,California,,,,,,,,,
,,,,,,,https://weedmaps.com/dispensaries/in/united-states/california/monterey-county,Monterey,,,,California,,,,,,,,,
,,,,,,,https://weedmaps.com/dispensaries/in/united-states/california/moreno-valley,Moreno Valley,,,,California,,,,,,,,,
,,,,,,,https://weedmaps.com/dispensaries/in/united-states/california/morgan-hill-gilroy-hollister,Morgan Hill / Gilroy / Hollister,,,,California,,,,,,,,,
,,,,,,,https://weedmaps.com/dispensaries/in/united-states/california/morro-bay-los-osos,Morro Bay / Los Osos,,,,California,,,,,,,,,
,,,,,,,https://weedmaps.com/dispensaries/in/united-states/california/palo-alto,Mountain View / Palo Alto,,,,California,,,,,,,,,
,,,,,,,https://weedmaps.com/dispensaries/in/united-states/california/mt-shasta,Mt Shasta,,,,California,,,,,,,,,
,,,,,,,https://weedmaps.com/dispensaries/in/united-states/california/murrieta,Murrieta,,,,California,,,,,,,,,
,,,,,,,https://weedmaps.com/dispensaries/in/united-states/california/needles,Needles / Blythe,,,,California,,,,,,,,,
,,,,,,,https://weedmaps.com/dispensaries/in/united-states/california/newport-beach,Newport Beach,,,,California,,,,,,,,,
,,,,,,,https://weedmaps.com/dispensaries/in/united-states/california/normal-heights-north-park,Normal Heights / North Park,,,,California,,,,,,,,,
,,,,,,,https://weedmaps.com/dispensaries/in/united-states/california/northern-california-brands,Northern California Brands,,,,California,,,,,,,,,
,,,,,,,https://weedmaps.com/dispensaries/in/united-states/california/north-hollywood,North Hollywood,,,,California,,,,,,,,,
,,,,,,,https://weedmaps.com/dispensaries/in/united-states/california/north-long-beach,North Long Beach / Signal Hill,,,,California,,,,,,,,,
,,,,,,,https://weedmaps.com/dispensaries/in/united-states/california/north-oc-brands,North OC Brands,,,,California,,,,,,,,,
,,,,,,,https://weedmaps.com/dispensaries/in/united-states/california/northridgechatsworth,Northridge / Chatsworth / Reseda,,,,California,,,,,,,,,
,,,,,,,https://weedmaps.com/dispensaries/in/united-states/california/north-san-diego-brands,North San Diego Brands,,,,California,,,,,,,,,
,,,,,,,https://weedmaps.com/dispensaries/in/united-states/california/oakdale-riverbank,Oakdale / Riverbank,,,,California,,,,,,,,,
,,,,,,,https://weedmaps.com/dispensaries/in/united-states/california/oakhurst,Oakhurst,,,,California,,,,,,,,,
,,,,,,,https://weedmaps.com/dispensaries/in/united-states/california/oakland,Oakland,,,,California,,,,,,,,,
,,,,,,,https://weedmaps.com/dispensaries/in/united-states/california/stockton-modesto-brands/bay-area--2/bay-area/oakland-brands,Oakland Brands,,,,California,,,,,,,,,
,,,,,,,https://weedmaps.com/dispensaries/in/united-states/california/ocean-beach,Ocean Beach,,,,California,,,,,,,,,
,,,,,,,https://weedmaps.com/dispensaries/in/united-states/california/oceansidecarlsbad,Oceanside,,,,California,,,,,,,,,
,,,,,,,https://weedmaps.com/dispensaries/in/united-states/california/ojai,Ojai,,,,California,,,,,,,,,
,,,,,,,https://weedmaps.com/dispensaries/in/united-states/california/ontario-montclair,Ontario / Montclair,,,,California,,,,,,,,,
,,,,,,,https://weedmaps.com/dispensaries/in/united-states/california/orland-willows,Orland / Willows,,,,California,,,,,,,,,
,,,,,,,https://weedmaps.com/dispensaries/in/united-states/california/oroville,Oroville,,,,California,,,,,,,,,
,,,,,,,https://weedmaps.com/dispensaries/in/united-states/california/oxnard-camarillo,Oxnard / Camarillo,,,,California,,,,,,,,,
,,,,,,,https://weedmaps.com/dispensaries/in/united-states/california/pacific-beach,Pacific Beach,,,,California,,,,,,,,,
,,,,,,,https://weedmaps.com/dispensaries/in/united-states/california/thousand-palmspalm-desert,Palm Desert / Rancho Mirage,,,,California,,,,,,,,,
,,,,,,,https://weedmaps.com/dispensaries/in/united-states/california/palm-springs,Palm Springs,,,,California,,,,,,,,,
,,,,,,,https://weedmaps.com/dispensaries/in/united-states/california/palm-springs-brands,Palm Springs Brands,,,,California,,,,,,,,,
,,,,,,,https://weedmaps.com/dispensaries/in/united-states/california/paradise,Paradise,,,,California,,,,,,,,,
,,,,,,,https://weedmaps.com/dispensaries/in/united-states/california/pasadena,Pasadena,,,,California,,,,,,,,,
,,,,,,,https://weedmaps.com/dispensaries/in/united-states/california/paso-robles-atascadero-morro-bay,Paso Robles / Atascadero,,,,California,,,,,,,,,
,,,,,,,https://weedmaps.com/dispensaries/in/united-states/california/patterson,Patterson,,,,California,,,,,,,,,
,,,,,,,https://weedmaps.com/dispensaries/in/united-states/california/perris,Perris,,,,California,,,,,,,,,
,,,,,,,https://weedmaps.com/dispensaries/in/united-states/california/plumas-county,Plumas County,,,,California,,,,,,,,,
,,,,,,,https://weedmaps.com/dispensaries/in/united-states/california/pomona,Pomona,,,,California,,,,,,,,,
,,,,,,,https://weedmaps.com/dispensaries/in/united-states/california/north-inland,Poway / Mira Mesa,,,,California,,,,,,,,,
,,,,,,,https://weedmaps.com/dispensaries/in/united-states/california/primm,Primm,,,,California,,,,,,,,,
,,,,,,,https://weedmaps.com/dispensaries/in/united-states/california/ramona-julian,Ramona / Julian,,,,California,,,,,,,,,
,,,,,,,https://weedmaps.com/dispensaries/in/united-states/california/rancho-cucamonga,Rancho Cucamonga,,,,California,,,,,,,,,
,,,,,,,https://weedmaps.com/dispensaries/in/united-states/california/rancho-santa-margarita,Rancho Santa Margarita,,,,California,,,,,,,,,
,,,,,,,https://weedmaps.com/dispensaries/in/united-states/california/red-bluff,Red Bluff,,,,California,,,,,,,,,
,,,,,,,https://weedmaps.com/dispensaries/in/united-states/california/redding,Redding,,,,California,,,,,,,,,
,,,,,,,https://weedmaps.com/dispensaries/in/united-states/california/redlandsmentone,Redlands / Mentone,,,,California,,,,,,,,,
,,,,,,,https://weedmaps.com/dispensaries/in/united-states/california/richmond-hercules,Richmond / Hercules,,,,California,,,,,,,,,
,,,,,,,https://weedmaps.com/dispensaries/in/united-states/california/rio-vista,Rio Vista,,,,California,,,,,,,,,
,,,,,,,https://weedmaps.com/dispensaries/in/united-states/california/riverside,Riverside,,,,California,,,,,,,,,
,,,,,,,https://weedmaps.com/dispensaries/in/united-states/california/riverside-brands,Riverside Brands,,,,California,,,,,,,,,
,,,,,,,https://weedmaps.com/dispensaries/in/united-states/california/rosamond-mojave,Rosamond / Mojave,,,,California,,,,,,,,,
,,,,,,,https://weedmaps.com/dispensaries/in/united-states/california/the-foothils-sacramento,Roseville / Rocklin,,,,California,,,,,,,,,
,,,,,,,https://weedmaps.com/dispensaries/in/united-states/california/sacramento,Sacramento,,,,California,,,,,,,,,
,,,,,,,https://weedmaps.com/dispensaries/in/united-states/california/sacramento-brands,Sacramento Brands,,,,California,,,,,,,,,
,,,,,,,https://weedmaps.com/dispensaries/in/united-states/california/sacramento-south,Sacramento South,,,,California,,,,,,,,,
,,,,,,,https://weedmaps.com/dispensaries/in/united-states/california/salinas,Salinas,,,,California,,,,,,,,,
,,,,,,,https://weedmaps.com/dispensaries/in/united-states/california/san-bernardino,San Bernardino,,,,California,,,,,,,,,
,,,,,,,https://weedmaps.com/dispensaries/in/united-states/california/san-bernardino-brands,San Bernardino Brands,,,,California,,,,,,,,,
,,,,,,,https://weedmaps.com/dispensaries/in/united-states/california/san-clemente,San Clemente,,,,California,,,,,,,,,
,,,,,,,https://weedmaps.com/dispensaries/in/united-states/california/san-dimas-la-verne,San Dimas / La Verne,,,,California,,,,,,,,,
,,,,,,,https://weedmaps.com/dispensaries/in/united-states/california/central-coast-brands/san-fernando-valley--2/san-fernando-valley-brands,San Fernando Valley Brands,,,,California,,,,,,,,,
,,,,,,,https://weedmaps.com/dispensaries/in/united-states/california/san-francisco,San Francisco,,,,California,,,,,,,,,
,,,,,,,https://weedmaps.com/dispensaries/in/united-states/california/san-francisco-brands,San Francisco Brands,,,,California,,,,,,,,,
,,,,,,,https://weedmaps.com/dispensaries/in/united-states/california/south-san-francisco,San Francisco South,,,,California,,,,,,,,,
,,,,,,,https://weedmaps.com/dispensaries/in/united-states/california/san-gabriel-valley-brands,San Gabriel Valley Brands,,,,California,,,,,,,,,
,,,,,,,https://weedmaps.com/dispensaries/in/united-states/california/san-jose,San Jose,,,,California,,,,,,,,,
,,,,,,,https://weedmaps.com/dispensaries/in/united-states/california/stockton-modesto-brands/bay-area--2/san-jose-brands,San Jose Brands,,,,California,,,,,,,,,
,,,,,,,https://weedmaps.com/dispensaries/in/united-states/california/san-luis-obispo,San Luis Obispo,,,,California,,,,,,,,,
,,,,,,,https://weedmaps.com/dispensaries/in/united-states/california/north-county,San Marcos / Escondido,,,,California,,,,,,,,,
,,,,,,,https://weedmaps.com/dispensaries/in/united-states/california/the-penisula,San Mateo,,,,California,,,,,,,,,
,,,,,,,https://weedmaps.com/dispensaries/in/united-states/california/san-pedro,San Pedro,,,,California,,,,,,,,,
,,,,,,,https://weedmaps.com/dispensaries/in/united-states/california/santa-ana,Santa Ana,,,,California,,,,,,,,,
,,,,,,,https://weedmaps.com/dispensaries/in/united-states/california/santa-barbara,Santa Barbara,,,,California,,,,,,,,,
,,,,,,,https://weedmaps.com/dispensaries/in/united-states/california/santa-clarita,Santa Clarita,,,,California,,,,,,,,,
,,,,,,,https://weedmaps.com/dispensaries/in/united-states/california/santa-cruz,Santa Cruz,,,,California,,,,,,,,,
,,,,,,,https://weedmaps.com/dispensaries/in/united-states/california/santa-fe-springs,Santa Fe Springs,,,,California,,,,,,,,,
,,,,,,,https://weedmaps.com/dispensaries/in/united-states/california/santa-maria-lompoc-solvang,Santa Maria,,,,California,,,,,,,,,
,,,,,,,https://weedmaps.com/dispensaries/in/united-states/california/santa-monica,Santa Monica,,,,California,,,,,,,,,
,,,,,,,https://weedmaps.com/dispensaries/in/united-states/california/santa-paula-fillmore,Santa Paula / Fillmore,,,,California,,,,,,,,,
,,,,,,,https://weedmaps.com/dispensaries/in/united-states/california/santa-rosa,Santa Rosa,,,,California,,,,,,,,,
,,,,,,,https://weedmaps.com/dispensaries/in/united-states/california/sherman-oaks,Sherman Oaks / Studio City,,,,California,,,,,,,,,
,,,,,,,https://weedmaps.com/dispensaries/in/united-states/california/simi-valley,Simi Valley,,,,California,,,,,,,,,
,,,,,,,https://weedmaps.com/dispensaries/in/united-states/california/solana-beach,Solana Beach,,,,California,,,,,,,,,
,,,,,,,https://weedmaps.com/dispensaries/in/united-states/california/sonoma-county,Sonoma / Napa,,,,California,,,,,,,,,
,,,,,,,https://weedmaps.com/dispensaries/in/united-states/california/south-bay,South Bay,,,,California,,,,,,,,,
,,,,,,,https://weedmaps.com/dispensaries/in/united-states/california/south-bay--2,South Bay - Brands,,,,California,,,,,,,,,
,,,,,,,https://weedmaps.com/dispensaries/in/united-states/california/south-gatebellflowerartesia,South Gate / Huntington Park / Downey,,,,California,,,,,,,,,
,,,,,,,https://weedmaps.com/dispensaries/in/united-states/california/south-la,South LA,,,,California,,,,,,,,,
,,,,,,,https://weedmaps.com/dispensaries/in/united-states/california/long-beach,South Long Beach / Belmont Shore,,,,California,,,,,,,,,
,,,,,,,https://weedmaps.com/dispensaries/in/united-states/california/south-oc-brands,South OC Brands,,,,California,,,,,,,,,
,,,,,,,https://weedmaps.com/dispensaries/in/united-states/california/south-san-diego-brands,South San Diego Brands,,,,California,,,,,,,,,
,,,,,,,https://weedmaps.com/dispensaries/in/united-states/california/stockton,Stockton,,,,California,,,,,,,,,
,,,,,,,https://weedmaps.com/dispensaries/in/united-states/california/stockton-modesto-brands,Stockton / Modesto Brands,,,,California,,,,,,,,,
,,,,,,,https://weedmaps.com/dispensaries/in/united-states/california/sunnyvale-santa-clara,Sunnyvale / Santa Clara,,,,California,,,,,,,,,
,,,,,,,https://weedmaps.com/dispensaries/in/united-states/california/sun-valley,Sun Valley / Sunland / Tujunga,,,,California,,,,,,,,,
,,,,,,,https://weedmaps.com/dispensaries/in/united-states/california/san-fernando-santa-clarita,Sylmar / Pacoima / Panorama City,,,,California,,,,,,,,,
,,,,,,,https://weedmaps.com/dispensaries/in/united-states/california/temecula-a-murrieta,Temecula,,,,California,,,,,,,,,
,,,,,,,https://weedmaps.com/dispensaries/in/united-states/california/temecula-murrieta-brands,Temecula / Murrieta Brands,,,,California,,,,,,,,,
,,,,,,,https://weedmaps.com/dispensaries/in/united-states/california/thousand-oaks-simi-valley,Thousand Oaks,,,,California,,,,,,,,,
,,,,,,,https://weedmaps.com/dispensaries/in/united-states/california/topanga,Topanga,,,,California,,,,,,,,,
,,,,,,,https://weedmaps.com/dispensaries/in/united-states/california/torrance,Torrance,,,,California,,,,,,,,,
,,,,,,,https://weedmaps.com/dispensaries/in/united-states/california/tracy-manteca,Tracy,,,,California,,,,,,,,,
,,,,,,,https://weedmaps.com/dispensaries/in/united-states/california/truckee,Truckee,,,,California,,,,,,,,,
,,,,,,,https://weedmaps.com/dispensaries/in/united-states/california/tuolumne-county,Tuolumne County,,,,California,,,,,,,,,
,,,,,,,https://weedmaps.com/dispensaries/in/united-states/california/turlock,Turlock,,,,California,,,,,,,,,
,,,,,,,https://weedmaps.com/dispensaries/in/united-states/california/tustin,Tustin,,,,California,,,,,,,,,
,,,,,,,https://weedmaps.com/dispensaries/in/united-states/california/humboldt,Ukiah,,,,California,,,,,,,,,
,,,,,,,https://weedmaps.com/dispensaries/in/united-states/california/upland,Upland,,,,California,,,,,,,,,
,,,,,,,https://weedmaps.com/dispensaries/in/united-states/california/vacaville,Vacaville,,,,California,,,,,,,,,
,,,,,,,https://weedmaps.com/dispensaries/in/united-states/california/vallejo,Vallejo,,,,California,,,,,,,,,
,,,,,,,https://weedmaps.com/dispensaries/in/united-states/california/van-nuyssherman-oaks,Van Nuys,,,,California,,,,,,,,,
,,,,,,,https://weedmaps.com/dispensaries/in/united-states/california/venice,Venice / Marina Del Rey,,,,California,,,,,,,,,
,,,,,,,https://weedmaps.com/dispensaries/in/united-states/california/ventura,Ventura,,,,California,,,,,,,,,
,,,,,,,https://weedmaps.com/dispensaries/in/united-states/california/victorvillehigh-desert,Victorville,,,,California,,,,,,,,,
,,,,,,,https://weedmaps.com/dispensaries/in/united-states/california/visalia,Visalia,,,,California,,,,,,,,,
,,,,,,,https://weedmaps.com/dispensaries/in/united-states/california/vista,Vista,,,,California,,,,,,,,,
,,,,,,,https://weedmaps.com/dispensaries/in/united-states/california/walnut-creek,Walnut Creek,,,,California,,,,,,,,,
,,,,,,,https://weedmaps.com/dispensaries/in/united-states/california/west-hollywood,West Hollywood,,,,California,,,,,,,,,
,,,,,,,https://weedmaps.com/dispensaries/in/united-states/california/central-coast-brands/san-fernando-valley--2/san-fernando-valley-brands/los-angeles/west-la-brands,West LA Brands,,,,California,,,,,,,,,
,,,,,,,https://weedmaps.com/dispensaries/in/united-states/california/west-los-angeles,West Los Angeles,,,,California,,,,,,,,,
,,,,,,,https://weedmaps.com/dispensaries/in/united-states/california/westminster,Westminster / Sunset Beach / Seal Beach,,,,California,,,,,,,,,
,,,,,,,https://weedmaps.com/dispensaries/in/united-states/california/woodland-hills-tarzana-canoga-park,Woodland Hills / Tarzana / Canoga Park,,,,California,,,,,,,,,
,,,,,,,https://weedmaps.com/dispensaries/in/united-states/california/yorba-linda-placentia,Yorba Linda / Placentia,,,,California,,,,,,,,,
,,,,,,,https://weedmaps.com/dispensaries/in/united-states/california/yuba-city-gold-country,Yuba City / Marysville,,,,California,,,,,,,,,
,,,,,,,https://weedmaps.com/dispensaries/in/united-states/california/yucaipa-beaumont,Yucaipa / Calimesa,,,,California,,,,,,,,,
,,,,,,,https://weedmaps.com/dispensaries/in/united-states/california/yucca-valley,Yucca Valley,,,,California,,,,,,,,,
